Donor_Id,Decimal_Values,Link_Image,Cand_Name,Cand_Id,Cand_Office,Cand_Office_St,Cand_Office_Dist,Cand_Party_Affiliation,Cand_Street_1,Cand_Street_2,Cand_City,Cand_State,Cand_Zip,funding1,fund2,donations3,gifts4,donat5,transac6,grants7,money8,gift9,gift10,funding11,donations12,donations13
1,161322,https://classic.fec.gov/fecviewer/CandidateCommitteeDetail.do?candidateCommitteeId=H8TX05052&tabIndex=1,"ASHBY, KEN",NULL,H,TX,4,LIB,11837 LOCHWOOD BOULEVARD,NULL,DALLAS,TX,75218,-,-,-,-,-,-,-,-,-,-,-,-,-
2,0,https://classic.fec.gov/fecviewer/CandidateCommitteeDetail.do?candidateCommitteeId=S6OH00288&tabIndex=1,"ASHBY, KEN",S6OH00288,S,OH,0,REP,",",NULL,",",OH,43119,-,-,-,-,-,-,-,-,-,-,-,-,-
3,0,https://classic.fec.gov/fecviewer/CandidateCommitteeDetail.do?candidateCommitteeId=S8CA00499&tabIndex=1,"ZIESING, MICHAEL VINCENT",S8CA00499,S,CA,0,GRE,1220 ALOHA ST,NULL,RED BLUFF,CA,96080,-,-,-,-,-,-,-,-,-,-,-,-,-
4,481,https://classic.fec.gov/fecviewer/CandidateCommitteeDetail.do?candidateCommitteeId=H6NJ13191&tabIndex=1,"SIRES, ALBIO",one two,H,NJ,8,DEM,6050 BOULEVARD EAST,APT 6B,WEST NEW YORK,NJ,7093,158849.09,-,161321.54,1848.84,163170.38,296686.67,-,-,-,-,-,-,251.52
5,8831,https://classic.fec.gov/fecviewer/CandidateCommitteeDetail.do?candidateCommitteeId=H6MI03172&tabIndex=1,"SMITH, DOUGLAS MARK MR. JR.",H6NJ13191,H,MI,3,IND,6050 BOULEVARD EAST,APT 6B,BELMONT,MI,49306,-,-,-,-,-,-,-,-,-,-,-,-,-
6,2311197,https://classic.fec.gov/fecviewer/CandidateCommitteeDetail.do?candidateCommitteeId=H4CA42078&tabIndex=1,"ROBERTS, BOYD LACHLAN",H6NJ13191,H,CA,48,DEM,668 N COAST HIGHWAY #199,APT 6B,LAGUNA BEACH,CA,92651,NULL,-,-,-,-,-,-,-,-,-,-,-,-
7,6425,https://classic.fec.gov/fecviewer/CandidateCommitteeDetail.do?candidateCommitteeId=H8NJ07207&tabIndex=1,"BROWN, LINDSAY CHRISTINE MRS.",H4CA42078,H,NJ,7,REP,352 WEST LN,APT 6B,CLARK,NJ,7066,(2992.44),-,481.21,3883.85,4365.06,-,-,-,-,-,-,-,-
8,3350,https://classic.fec.gov/fecviewer/CandidateCommitteeDetail.do?candidateCommitteeId=H8IL18092&tabIndex=1,"DETERS, BRIAN",H8NJ07207,H,IL,18,DEM,1806 GREENFIELD DR,APT 6B,CLARK,IL,61550,812.77,-,8831.10,10735.39,19566.49,200.00,-,816.60,-,-,-,-,-
9,104999,https://classic.fec.gov/fecviewer/CandidateCommitteeDetail.do?candidateCommitteeId=H8KS02173&tabIndex=1,"DAVIS, PAUL T.",H8IL18092,H,IL,2,DEM,1806 GREENFIELD DR,APT 6B,LAWRENCE,KS,66044,31166.41,17775.80,2311197.01,672129.40,2983326.41,550232.50,5150.00,8355.60,418693.57,-,-,19644.48,-
10,1157454,https://classic.fec.gov/fecviewer/CandidateCommitteeDetail.do?candidateCommitteeId=H8MO02232&tabIndex=1,"MESSMER, JOHN P.",H8IL18092,H,MO,2,DEM,10267 BUFFTON DR.,APT 6B,ST. LOUIS,MO,63123,288.19,4479.00,6425.00,3658.00,10083.00,-,-,175.00,-,4399.22,-,-,-
11,143793,https://classic.fec.gov/fecviewer/CandidateCommitteeDetail.do?candidateCommitteeId=H8MO06134&tabIndex=1,"ANDRES, EDWARD H",H8MO06134,H,MO,6,DEM,2323 NW PARKWAY,APT 6B,ST. JOSEPH,MO,64503,-,-,3350.00,1516.00,4866.00,-,-,7500.00,-,-,-,4.00,1000.00
12,0,https://classic.fec.gov/fecviewer/CandidateCommitteeDetail.do?candidateCommitteeId=S8CT00113&tabIndex=1,"RAPINI, DOMINIC",S8CT00113,S,CT,0,DEM,PO BOX 781,APT 6B,FAIRFIELD,CT,6824,46631.07,30000.00,104999.00,17132.00,122131.00,-,-,-,-,75991.57,-,-,-
13,0,https://classic.fec.gov/fecviewer/CandidateCommitteeDetail.do?candidateCommitteeId=S8DE00079&tabIndex=1,"CARPER, THOMAS R",S8DE00079,S,DE,0,DEM,600 WEST MATSON RUN PARKWAY,APT 6B,WILMINGTON,DE,19802,360641.86,-,1157454.00,103121.33,1260577.33,1896543.64,-,-,15497.16,-,-,63180.93,1154.22
14,0,https://classic.fec.gov/fecviewer/CandidateCommitteeDetail.do?candidateCommitteeId=H8KS04161&tabIndex=1,"COBB, ALAN EARL",H8KS04161,H,KS,4,REP,P.O. BOX 354,APT 6B,WICHITA,KS,67201,-,-,143793.13,3279.00,147072.13,-,-,-,-,-,-,597.48,2700.00
15,1874607,https://classic.fec.gov/fecviewer/CandidateCommitteeDetail.do?candidateCommitteeId=H4IL18117&tabIndex=1,"COBB, ALAN EARL",H4IL18117,H,IL,18,DEM,18636 NORTH 500 EAST ROAD,APT 6B,DANVERS,IL,61732,-,-,-,-,-,-,-,-,-,-,-,-,-
16,12568,https://classic.fec.gov/fecviewer/CandidateCommitteeDetail.do?candidateCommitteeId=H8AL07089&tabIndex=1,"RICE, RICHARD BRAND NEW",H8AL07089,H,AL,7,DEM,714 S. GAY STREET,SUITE 201,KNOXVILLE,TN,37902,-,-,-,-,-,-,-,-,-,-,-,-,-
17,36705,https://classic.fec.gov/fecviewer/CandidateCommitteeDetail.do?candidateCommitteeId=H8SD01089&tabIndex=1,"TERRELL, ERIC BRAND NEW",H8SD01089,H,SD,0,REP,714 S. GAY STREET,SUITE 201,KNOXVILLE,TN,37902,-,-,-,-,-,-,-,-,-,-,-,-,-
18,217,https://classic.fec.gov/fecviewer/CandidateCommitteeDetail.do?candidateCommitteeId=H8FL16055&tabIndex=1,"SHAPIRO, M. DAVID",H8FL16055,H,FL,16,DEM,5212 SIESTA COVE DRIVE,SUITE 201,SARASOTA,FL,34242,2233.63,155000.00,1874606.59,291707.37,2166313.96,133873.04,5000.00,10200.00,15700.00,200000.00,-,87462.15,-
19,0,https://classic.fec.gov/fecviewer/CandidateCommitteeDetail.do?candidateCommitteeId=H8MI13318&tabIndex=1,"YOUNG, COLEMAN ALEXANDER MR. II",H8MI13318,H,MI,13,DEM,1495 SHERIDAN,SUITE 201,DETROIT,MI,48214,-,1316.21,12568.00,2954.60,15522.60,-,-,-,-,39802.00,-,-,500.00
20,1000,https://classic.fec.gov/fecviewer/CandidateCommitteeDetail.do?candidateCommitteeId=H8MN01253&tabIndex=1,"JENSEN, VICKI",H8MN01253,H,MN,1,DEM,P.O. BOX 346,SUITE 201,OWATONNA,MN,55060,325.28,-,36705.00,29650.55,66355.55,2536.00,-,1425.00,-,-,2500.00,-,-
21,0,https://classic.fec.gov/fecviewer/CandidateCommitteeDetail.do?candidateCommitteeId=H8MT01257&tabIndex=1,"SWANSON, ELINOR",H8MT01257,H,MT,0,LIB,1800 43RD ST. W.,SUITE 201,BILLINGS,MT,59106,14817.43,15077.83,217.32,2830.78,3048.10,-,-,-,-,9713.59,-,-,-
22,0,https://classic.fec.gov/fecviewer/CandidateCommitteeDetail.do?candidateCommitteeId=H8NJ06159&tabIndex=1,"CHILLARA, SRIDHAR",H8NJ06159,H,NJ,6,REP,24 BOICE LANE,SUITE 201,BELLE MEAD,NJ,8502,-,-,-,-,-,-,-,-,-,-,-,-,-
23,55885,https://classic.fec.gov/fecviewer/CandidateCommitteeDetail.do?candidateCommitteeId=H6CA51082&tabIndex=1,"MERCADO, JUAN",H6CA51082,H,CA,51,NNE,24 BOICE LANE,UNIT 8,EL CAJON,CA,92021,1000.00,-,1000.00,4.62,1004.62,-,-,10500.00,-,8500.00,-,-,-
24,1647768,https://classic.fec.gov/fecviewer/CandidateCommitteeDetail.do?candidateCommitteeId=H8WI05132&tabIndex=1,"MERCADO, JUAN",H8WI05132,H,WI,5,DEM,500 LINCOLN AVENUE,APARTMENT 3,EL CAJON,WI,53186,-,-,-,-,-,-,-,-,-,-,-,-,-
25,431505,https://classic.fec.gov/fecviewer/CandidateCommitteeDetail.do?candidateCommitteeId=H8AK01015&tabIndex=1,"FITCH, GREGORY FITCH MR",H8AK01015,H,AK,0,NPA,9000 STEPHEN RICHARDS MEMORIAL DR.,APARTMENT 3,JUNEAU,AK,99801,-,-,-,-,-,-,-,-,-,-,-,-,-
26,239943,https://classic.fec.gov/fecviewer/CandidateCommitteeDetail.do?candidateCommitteeId=H8TX24111&tabIndex=1,"BIGGAN, JOHN",H8TX24111,H,TX,24,DEM,PO BOX 187,APARTMENT 3,HURST,TX,76053,-,-,55885.00,7443.00,63328.00,-,4000.00,12736.64,-,6500.00,-,-,-
27,296756,https://classic.fec.gov/fecviewer/CandidateCommitteeDetail.do?candidateCommitteeId=H0WI07051&tabIndex=1,"DUFFY, SEAN",H0WI07051,H,WI,7,REP,PO BOX 187,APARTMENT 3,WAUSAU,WI,544020538,1787473.59,-,1647768.12,233997.23,1881765.35,1447650.00,100.00,-,308143.85,-,-,3007.53,9961.72
28,863,https://classic.fec.gov/fecviewer/CandidateCommitteeDetail.do?candidateCommitteeId=H0WV01072&tabIndex=1,"MCKINLEY, DAVID B. MR.",H0WV01072,H,WV,1,REP,147 BETHANY PIKE,APARTMENT 3,WHEELING,WV,26003,386465.14,315000.00,431505.14,19981.00,451486.14,874350.00,750.00,-,-,-,-,-,-
29,383205,https://classic.fec.gov/fecviewer/CandidateCommitteeDetail.do?candidateCommitteeId=H2AZ07070&tabIndex=1,"GRIJALVA, RAUL M",H2AZ07070,H,AZ,3,DEM,PO BOX 1242,APARTMENT 3,TUCSON,AZ,85702,38155.74,4015.59,239942.68,181765.16,421707.84,283500.00,-,-,4440.43,-,-,3489.91,167.64
30,219913,https://classic.fec.gov/fecviewer/CandidateCommitteeDetail.do?candidateCommitteeId=H2CA08164&tabIndex=1,"COOK, PAUL",H2CA08164,H,CA,8,REP,PO BOX 365,APARTMENT 3,YUCCA VALLEY,CA,92284,140257.11,-,296755.63,10979.78,307735.41,650349.00,-,-,12862.53,-,-,7117.00,405.25
31,427198,https://classic.fec.gov/fecviewer/CandidateCommitteeDetail.do?candidateCommitteeId=H8TX29060&tabIndex=1,"VALENCIA, PEDRO",H8TX29060,H,TX,29,DEM,14360 BELLAIRE BLVD,SUITE 120,HOUSTON,TX,77083,31.89,1458.47,862.69,1710.66,2573.35,-,-,-,-,3025.00,-,-,-
32,63352,https://classic.fec.gov/fecviewer/CandidateCommitteeDetail.do?candidateCommitteeId=H2CT02112&tabIndex=1,"COURTNEY, JOSEPH D",H2CT02112,H,CT,29,DEM,9 TOBIAS COURT,SUITE 120,VERNON,CT,6066,750441.24,-,383205.21,108464.47,491669.68,646325.00,-,-,9923.55,-,-,3224.63,5176.05
33,0,https://classic.fec.gov/fecviewer/CandidateCommitteeDetail.do?candidateCommitteeId=H2FL08063&tabIndex=1,"DEMINGS, VALDEZ VAL",H2FL08063,H,FL,10,DEM,PO BOX 536926,SUITE 120,ORLANDO,FL,32853,86394.90,10790.44,219913.31,26176.75,246090.06,588577.09,-,-,-,-,-,3684.85,462.13
34,0,https://classic.fec.gov/fecviewer/CandidateCommitteeDetail.do?candidateCommitteeId=H2FL14053&tabIndex=1,"FRANKEL, LOIS J.",H2FL14053,H,FL,21,DEM,PO BOX 812421,SUITE 120,BOCA RATON,FL,33481,967075.88,-,427197.83,67404.61,494602.44,477829.14,37.73,-,-,-,-,2428.28,8436.32
35,40991,https://classic.fec.gov/fecviewer/CandidateCommitteeDetail.do?candidateCommitteeId=H8MN05247&tabIndex=1,"TORRES RAY, PATRICIA",H8MN05247,H,MN,5,DEM,P.O. BOX 6428,SUITE 120,MINNEAPOLIS,MN,55406,3430.08,-,63352.00,26669.00,90021.00,5000.00,-,1949.51,-,-,-,-,-
36,2700,https://classic.fec.gov/fecviewer/CandidateCommitteeDetail.do?candidateCommitteeId=H8AZ08208&tabIndex=1,"SAWDY, STEVEN",H8AZ08208,H,AZ,8,REP,4313 W YORKSHIRE DR,SUITE 120,GLENDALE,AZ,85308,574.00,-,-,-,-,-,-,1000.00,-,-,-,-,-
37,2450,https://classic.fec.gov/fecviewer/CandidateCommitteeDetail.do?candidateCommitteeId=H8GA08118&tabIndex=1,"COOPER, JAMES L III",H8GA08118,H,GA,8,GRE,3388 CAUSEY RD,SUITE 120,LIZELLA,GA,31052,-,-,-,-,-,-,-,-,-,-,-,-,-
38,8000,https://classic.fec.gov/fecviewer/CandidateCommitteeDetail.do?candidateCommitteeId=H8WA03172&tabIndex=1,"GASQUE, DOROTHY",H8WA03172,H,WA,3,DEM,712 NW 72ND ST,SUITE 120,VANCOUVER,WA,98665,22533.15,-,40990.94,44321.15,85312.09,311.50,-,-,-,-,-,-,3373.14
39,435097,https://classic.fec.gov/fecviewer/CandidateCommitteeDetail.do?candidateCommitteeId=H8CA10134&tabIndex=1,"BATTISTA, LISA",H8CA10134,H,CA,10,DEM,3430 TULLY ROAD,SUITE 20-441,MODESTO,CA,95350,5187.73,524.79,2700.00,3803.58,6503.58,-,-,-,-,524.79,-,-,-
40,369993,https://classic.fec.gov/fecviewer/CandidateCommitteeDetail.do?candidateCommitteeId=H8LA03086&tabIndex=1,"THOMAS, VERONE A MR",H8LA03086,H,LA,3,DEM,2412 KATHERINE STREET,SUITE 20-441,LAKE CHARLES,LA,70601,27.71,-,2450.00,550.00,3000.00,-,-,-,-,-,-,-,-
41,449390,https://classic.fec.gov/fecviewer/CandidateCommitteeDetail.do?candidateCommitteeId=H8SC05216&tabIndex=1,"MURPHY, LES",H8SC05216,H,SC,5,DEM,9789 CHARLOTTE HWY 400-137,SUITE 20-441,FORT MILL,SC,29707,5135.83,-,8000.00,305.00,8305.00,-,655.00,-,-,-,-,-,-
42,476102,https://classic.fec.gov/fecviewer/CandidateCommitteeDetail.do?candidateCommitteeId=H2IA05072&tabIndex=1,"KING, STEVE MR.",H2IA05072,H,IA,4,REP,3897 ESTHER AVENUE,SUITE 20-441,KIRON,IA,514488003,26220.50,-,435096.61,199044.75,634141.36,234243.00,4250.00,-,-,-,-,224.64,3370.78
43,1031790,https://classic.fec.gov/fecviewer/CandidateCommitteeDetail.do?candidateCommitteeId=H6PA16296&tabIndex=1,"HARTMAN, CHRISTINA M",H6PA16296,H,PA,10,DEM,PO BOX 1576,SUITE 20-441,LANCASTER,PA,17608,25229.65,17000.00,369992.66,80863.77,450856.43,68800.00,149.00,-,4156.07,-,12000.00,12830.59,-
44,68685,https://classic.fec.gov/fecviewer/CandidateCommitteeDetail.do?candidateCommitteeId=H2GA09150&tabIndex=1,"COLLINS, DOUGLAS ALLEN",H2GA09150,H,GA,9,REP,4833 T. MARTIN RD.,SUITE 20-441,GAINESVILLE,GA,30506,853081.48,-,449390.31,44052.04,493442.35,909300.00,663.98,-,9573.58,-,-,2157.11,-
45,0,https://classic.fec.gov/fecviewer/CandidateCommitteeDetail.do?candidateCommitteeId=H6PA16320&tabIndex=1,"SMUCKER, LLOYD K.",H6PA16320,H,PA,11,REP,248 STEEL WAY,PO BOX 7066,LANCASTER,PA,17601,10160.89,119265.85,476102.20,18408.00,494510.20,980934.85,6500.00,-,386486.54,-,-,23.27,-
46,4000,https://classic.fec.gov/fecviewer/CandidateCommitteeDetail.do?candidateCommitteeId=H2IA01055&tabIndex=1,"BLUM, RODNEY",H2IA01055,H,IA,1,REP,11361 OAKLAND FARMS ROAD,PO BOX 7066,DUBUQUE,IA,52003,87651.40,114119.00,1031789.55,342491.76,1374281.31,611371.89,-,1246.68,327829.94,500000.00,-,232.20,-
47,0,https://classic.fec.gov/fecviewer/CandidateCommitteeDetail.do?candidateCommitteeId=H8MT01224&tabIndex=1,"MOSS, LYNDA BOURQUE",H8MT01224,H,MT,0,DEM,552 HIGHLAND PARK DRIVE,2320 3RD AVENUE NORTH,BILLINGS,MT,59102,-,5954.42,68685.00,20127.00,88812.00,-,-,-,-,19497.85,-,-,96.00
48,13139,https://classic.fec.gov/fecviewer/CandidateCommitteeDetail.do?candidateCommitteeId=H8PA18249&tabIndex=1,"ORTITAY, JASON A",H8PA18249,H,PA,18,REP,220 MAPLE RIDGE DRIVE,2320 3RD AVENUE NORTH,CANONSBURG,PA,15317,-,-,-,-,-,-,-,1545.00,-,-,-,-,-
49,0,https://classic.fec.gov/fecviewer/CandidateCommitteeDetail.do?candidateCommitteeId=H8SC05257&tabIndex=1,"LOUGH, STEPHEN HARRISON",H8SC05257,H,SC,5,DEM,1809 BROOK DRIVE,2320 3RD AVENUE NORTH,CAMDEN,SC,29020,5655.84,613.69,4000.00,2025.00,6025.00,250.00,-,5454.38,-,3292.98,-,-,-
50,1540,https://classic.fec.gov/fecviewer/CandidateCommitteeDetail.do?candidateCommitteeId=H8CA22188&tabIndex=1,"MERRYMAN, WILLIAM 'BILL'",H8CA22188,H,CA,22,LIB,PO BOX 2422,2320 3RD AVENUE NORTH,CLOVIS,CA,93613,-,-,-,-,-,-,-,-,-,-,-,-,-
51,0,https://classic.fec.gov/fecviewer/CandidateCommitteeDetail.do?candidateCommitteeId=H8PA09081&tabIndex=1,"QUICK, LAURA",H8PA09081,H,PA,9,DEM,PO BOX 193,2320 3RD AVENUE NORTH,CAMPBELLTOWN,PA,17010,-,1841.37,13138.57,1927.85,15066.42,6740.00,-,1300.00,-,1200.00,-,-,-
52,0,https://classic.fec.gov/fecviewer/CandidateCommitteeDetail.do?candidateCommitteeId=H8CA09151&tabIndex=1,"TSARNAS, MIKE",H8CA09151,H,CA,9,OTH,PO BOX 1480,2320 3RD AVENUE NORTH,WOODBRIDGE,CA,95258,-,-,-,-,-,-,-,-,-,-,-,-,-
53,21610,https://classic.fec.gov/fecviewer/CandidateCommitteeDetail.do?candidateCommitteeId=H6RI02284&tabIndex=1,"CAIOZZO, SALVATORE",H6RI02284,H,RI,2,REP,340A ROBIN HOLLOW RD,2320 3RD AVENUE NORTH,WEST GREENWICH,RI,2817,1371.00,1000.00,1540.00,320.00,1860.00,-,-,-,-,3100.00,-,-,-
54,3500,https://classic.fec.gov/fecviewer/CandidateCommitteeDetail.do?candidateCommitteeId=H8CA08104&tabIndex=1,"BROWN, YOLANDA",H8CA08104,H,CA,8,DEM,525 E. SEASIDE WAY,SUITE 101-C,LONG BEACH,CA,90802,-,-,-,-,-,-,-,-,-,-,-,-,-
55,0,https://classic.fec.gov/fecviewer/CandidateCommitteeDetail.do?candidateCommitteeId=H2IL01182&tabIndex=1,"TILLMAN, JIMMY LEE",H2IL01182,H,IL,1,REP,7420 SOUTH VERNON,SUITE 101-C,CHICAGO,IL,60643,-,-,-,-,-,-,-,-,-,-,-,-,-
56,586069,https://classic.fec.gov/fecviewer/CandidateCommitteeDetail.do?candidateCommitteeId=S8TN00360&tabIndex=1,"TOYOS, ROLANDO",S8TN00360,S,TN,0,REP,6205 MAPLETON COURT,SUITE 101-C,BRENTWOOD,TN,37027,-,-,21610.00,6171.00,27781.00,-,-,19729.00,-,-,-,-,1.80
57,1471750,https://classic.fec.gov/fecviewer/CandidateCommitteeDetail.do?candidateCommitteeId=H6TN09431&tabIndex=1,"MANTANONA, NICHOLAS BRENT MR.",H6TN09431,H,TN,9,IND,1830 WALKER AVENUE,SUITE 101-C,MEMPHIS,TN,38114,-,-,3500.00,-,3500.00,-,-,-,-,-,-,-,-
58,1230319,https://classic.fec.gov/fecviewer/CandidateCommitteeDetail.do?candidateCommitteeId=S8NY00199&tabIndex=1,"HAHN, PATRICK JOHN",S8NY00199,S,NY,0,REP,218 BERNSTEIN BLVD,SUITE 101-C,CENTER MORICHES,NY,11934,4441.00,-,-,-,150.00,-,-,4850.00,-,4850.00,-,-,-
59,597718,https://classic.fec.gov/fecviewer/CandidateCommitteeDetail.do?candidateCommitteeId=H6TX02079&tabIndex=1,"BABIN, BRIAN",H6TX02079,H,TX,36,REP,PO BOX 159,SUITE 101-C,WOODVILLE,TX,75979,736915.47,-,586068.68,35509.50,621578.18,557105.00,-,-,-,-,-,4347.72,-
60,31025,https://classic.fec.gov/fecviewer/CandidateCommitteeDetail.do?candidateCommitteeId=H6TX08100&tabIndex=1,"BRADY, KEVIN",H6TX08100,H,TX,8,REP,PO BOX 8277,SUITE 101-C,THE WOODLANDS,TX,773878277,722637.18,-,1471750.00,24089.00,1495839.00,3062477.24,-,-,709886.66,-,-,6596.45,372.01
61,712758,https://classic.fec.gov/fecviewer/CandidateCommitteeDetail.do?candidateCommitteeId=H6TX12060&tabIndex=1,"GRANGER, KAY",H6TX12060,H,TX,12,REP,1701 RIVER RUN,STE 308,FORT WORTH,TX,761076547,421201.00,-,1230319.00,40058.33,1270377.33,798003.04,-,-,-,-,-,2658.12,10237.34
62,8582,https://classic.fec.gov/fecviewer/CandidateCommitteeDetail.do?candidateCommitteeId=H6TX15162&tabIndex=1,"GONZALEZ, VICENTE",H6TX15162,H,TX,15,DEM,121 NORTH 10TH ST,STE 308,MCALLEN,TX,78501,1020610.80,500000.00,597718.47,11308.83,609027.30,702384.46,30.13,-,-,-,-,175.00,-
63,1498466,https://classic.fec.gov/fecviewer/CandidateCommitteeDetail.do?candidateCommitteeId=S8PA00239&tabIndex=1,"SACCONE, RICK",S8PA00239,S,PA,0,REP,404 BOSTON HOLLOW ROAD,STE 308,ELIZABETH,PA,15037,-,-,31025.00,16592.00,47617.00,3500.00,90.00,-,-,-,-,-,-
64,816922,https://classic.fec.gov/fecviewer/CandidateCommitteeDetail.do?candidateCommitteeId=S8PA00262&tabIndex=1,"BARTOS, JEFFREY A",S8PA00262,S,PA,0,REP,239 WINDING WAY,STE 308,MERION STATION,PA,19066,-,-,712758.00,9939.00,722698.00,10000.00,-,28353.00,-,550000.00,-,-,1770.00
65,0,https://classic.fec.gov/fecviewer/CandidateCommitteeDetail.do?candidateCommitteeId=H8NY12145&tabIndex=1,"RABIN, ELIOT MR.",H8NY12145,H,NY,12,REP,401 EAST 81 STREET,STE 308,NEW YORK,NY,10028,296.41,552.92,8581.46,1731.40,10312.86,-,772.22,24358.36,-,-,-,78.13,180.00
66,1019777,https://classic.fec.gov/fecviewer/CandidateCommitteeDetail.do?candidateCommitteeId=H8GA06393&tabIndex=1,"MCBATH, LUCIA KAY MS.",H8GA06393,H,GA,6,DEM,1860 SANDY PLAINS ROAD,SUITE 204-210,MARIETTA,GA,30066,218684.35,2878.03,1498465.82,818274.77,2316740.59,326175.05,5000.00,25.00,47880.34,5848.03,-,2284.27,52.75
67,0,https://classic.fec.gov/fecviewer/CandidateCommitteeDetail.do?candidateCommitteeId=H6TX19099&tabIndex=1,"ARRINGTON, JODEY COOK",H6TX19099,H,TX,19,REP,3022 21ST ST,SUITE 204-210,LUBBOCK,TX,79493,534870.54,-,816922.47,26546.00,843468.47,499077.73,-,-,21750.69,-,-,3470.13,1000.00
68,0,https://classic.fec.gov/fecviewer/CandidateCommitteeDetail.do?candidateCommitteeId=H8AL04060&tabIndex=1,"NORRIS, PHILLIP",H8AL04060,H,AL,4,REP,6103 KENLEY WAY,SUITE 204-210,BIRMINGHAM,AL,35242,-,-,-,-,-,-,-,100.00,-,-,-,-,-
69,394212,https://classic.fec.gov/fecviewer/CandidateCommitteeDetail.do?candidateCommitteeId=H8MN08043&tabIndex=1,"STAUBER, PETE",H8MN08043,H,MN,8,REP,5078 W ARROWHEAD ROAD,SUITE 204-210,HERMANTOWN,MN,55811,18336.23,-,1019777.41,223787.77,1243565.18,510039.46,-,-,23278.14,-,-,820.24,-
70,0,https://classic.fec.gov/fecviewer/CandidateCommitteeDetail.do?candidateCommitteeId=H8TX17123&tabIndex=1,"STURM, SCOTT 1974",H8TX17123,H,TX,17,DEM,328 CARDINAL DRIVE,SUITE 204-210,NEW BRAUNFELS,TX,78130,95.00,-,-,95.00,95.00,-,-,-,-,-,-,-,-
71,8046,https://classic.fec.gov/fecviewer/CandidateCommitteeDetail.do?candidateCommitteeId=H8TX18162&tabIndex=1,"PETERKA, JESSICA LEE",H8TX18162,H,TX,18,IND,24042 LESTERGATE DRIVE,SUITE 204-210,SPRING,TX,77373,(2284.76),-,-,-,-,-,-,-,-,-,-,-,-
72,183145,https://classic.fec.gov/fecviewer/CandidateCommitteeDetail.do?candidateCommitteeId=H8FL27029&tabIndex=1,"ROSEN GONZALEZ, KRISTEN",H8FL27029,H,FL,27,DEM,4618 ALTON ROAD,SUITE 204-210,MIAMI BEACH,FL,33140,23863.12,-,394212.18,26491.47,420703.65,2000.00,-,2720.00,-,-,-,2024.92,-
73,1499140,https://classic.fec.gov/fecviewer/CandidateCommitteeDetail.do?candidateCommitteeId=H8MD04213&tabIndex=1,"BLACK, THEREASA MARIE",H8MD04213,H,MD,4,DEM,411 WARFIELD DR,APT 1019,LANDOVER,MD,20785,-,-,-,1796.02,1796.02,-,-,3950.00,-,-,-,-,98.00
74,827070,https://classic.fec.gov/fecviewer/CandidateCommitteeDetail.do?candidateCommitteeId=H8TX26074&tabIndex=1,"BERSHAD, IRA MR.",H8TX26074,H,TX,26,DEM,5570 FM 423 SUITE 250-1118,APT 1019,FRISCO,TX,75034,53.64,-,8046.02,3206.00,11252.02,-,-,-,-,-,-,-,-
75,348862,https://classic.fec.gov/fecviewer/CandidateCommitteeDetail.do?candidateCommitteeId=H2CA33048&tabIndex=1,"ROYBAL-ALLARD, LUCILLE",H2CA33048,H,CA,40,DEM,PO BOX 4577,APT 1019,DOWNEY,CA,90241,40131.14,-,183145.00,6095.47,189240.47,345800.00,42.37,-,-,-,-,108.00,-
76,1197940,https://classic.fec.gov/fecviewer/CandidateCommitteeDetail.do?candidateCommitteeId=H2CA36439&tabIndex=1,"RUIZ, RAUL DR",H2CA36439,H,CA,36,DEM,77933 LAS MONTANAS RD,APT 103,PALM DESERT,CA,92211,1645990.78,-,1499139.81,426816.12,1925955.93,1213124.00,3333.42,-,17828.55,-,-,7808.94,-
77,145452,https://classic.fec.gov/fecviewer/CandidateCommitteeDetail.do?candidateCommitteeId=H2CA37023&tabIndex=1,"CALVERT, KENNETH S",H2CA37023,H,CA,42,REP,PO BOX 78376,APT 103,CORONA,CA,92877,517900.03,2370.50,827069.87,17297.76,844367.63,704041.39,-,-,-,-,-,7996.64,-
78,1236392,https://classic.fec.gov/fecviewer/CandidateCommitteeDetail.do?candidateCommitteeId=H2CA39078&tabIndex=1,"SANCHEZ, LINDA",H2CA39078,H,CA,38,DEM,PO BOX 59660,APT 103,NORWALK,CA,90652,735140.15,-,348862.08,32550.64,381412.72,1328230.05,-,600.00,-,-,-,20190.78,1643.74
79,1775583,https://classic.fec.gov/fecviewer/CandidateCommitteeDetail.do?candidateCommitteeId=H8MI11346&tabIndex=1,"GUPTA, SUNEEL",H8MI11346,H,MI,11,DEM,1263 BROOKWOOD ST,APT 103,BIRMINGHAM,MI,48009,3730.36,200000.00,1197940.30,67027.58,1264967.88,8000.00,-,5400.00,-,200000.00,-,4341.33,-
80,1394817,https://classic.fec.gov/fecviewer/CandidateCommitteeDetail.do?candidateCommitteeId=H8MI13284&tabIndex=1,"CONYERS, IAN",H8MI13284,H,MI,13,DEM,7342 KIPLING ST,APT 103,DETROIT,MI,48206,215.22,3434.60,145452.44,32403.39,177855.83,21772.74,-,13047.01,-,-,-,101.92,-
81,17715,https://classic.fec.gov/fecviewer/CandidateCommitteeDetail.do?candidateCommitteeId=H0WA03187&tabIndex=1,"HERRERA BEUTLER, JAIME",H0WA03187,H,WA,3,REP,PO BOX 1614,APT 103,RIDGEFIELD,WA,986420020,48966.73,50176.70,1236392.30,402153.68,1638545.98,1014969.86,15000.00,-,-,-,-,34856.37,1982.02
82,0,https://classic.fec.gov/fecviewer/CandidateCommitteeDetail.do?candidateCommitteeId=H6NY03247&tabIndex=1,"SUOZZI, THOMAS",H6NY03247,H,NY,3,DEM,PO BOX 669,APT 103,GLEN COVE,NY,11542,1320976.28,30379.20,1775583.33,74758.71,1850342.04,840784.42,-,-,31498.61,-,-,18950.58,119.24
83,18850,https://classic.fec.gov/fecviewer/CandidateCommitteeDetail.do?candidateCommitteeId=H6NY11174&tabIndex=1,"DONOVAN, DAN",H6NY11174,H,NY,11,REP,PO BOX 60530,APT 103,STATEN ISLAND,NY,10306,97462.13,-,1394816.88,74300.00,1469116.88,1077087.33,7250.00,-,49733.84,-,-,2267.06,-
84,0,https://classic.fec.gov/fecviewer/CandidateCommitteeDetail.do?candidateCommitteeId=H6OH11160&tabIndex=1,"GOLDSTEIN, BEVERLY A.",H6OH11160,H,OH,11,REP,",",APT 103,",",OH,0,261.83,-,17715.00,3979.00,21694.00,-,-,-,-,-,-,-,-
85,26044,https://classic.fec.gov/fecviewer/CandidateCommitteeDetail.do?candidateCommitteeId=H8ME02235&tabIndex=1,"VANHELSING, DANIELLE RAVYN MS.",H8ME02235,H,ME,2,UN,527 NORTH DEXTER ROAD,APT 103,SANGERVILLE,ME,4479,-,-,-,-,-,-,-,-,-,-,-,-,-
86,1736478,https://classic.fec.gov/fecviewer/CandidateCommitteeDetail.do?candidateCommitteeId=H8VA01287&tabIndex=1,"HICKS, TOM",H8VA01287,H,VA,1,DEM,15690 ST PETERS CHURCH RD,APT 103,MONTPELIER,VA,23192,-,-,18850.00,6235.18,25085.18,-,-,14080.01,-,10000.00,-,15.00,-
87,411202,https://classic.fec.gov/fecviewer/CandidateCommitteeDetail.do?candidateCommitteeId=H4NY09090&tabIndex=1,"ANABILAH-AZUMAH, JOEL",H4NY09090,H,NY,9,UNK,146 EAST 55 STREET,APT 103,BROOKLYN,NY,11203,-,-,-,-,-,-,-,-,-,-,-,-,-
88,517326,https://classic.fec.gov/fecviewer/CandidateCommitteeDetail.do?candidateCommitteeId=H8GA03051&tabIndex=1,"ENDERLIN, CHARLES JOSEPH JR.",H8GA03051,H,GA,3,DEM,PO BOX 1174,APT 103,NEWNAN,GA,30264,-,-,26044.00,24295.88,50339.88,-,-,5307.25,-,-,-,-,-
89,404522,https://classic.fec.gov/fecviewer/CandidateCommitteeDetail.do?candidateCommitteeId=H6OR02116&tabIndex=1,"WALDEN, GREGORY P. MR.",H6OR02116,H,OR,2,REP,1504 SHERMAN AVENUE,APT 103,HOOD RIVER,OR,970311456,1420205.94,-,1736478.41,193260.70,1929739.11,2991017.14,-,-,403433.69,-,-,43681.51,1657.66
90,2650,https://classic.fec.gov/fecviewer/CandidateCommitteeDetail.do?candidateCommitteeId=H6OR03064&tabIndex=1,"BLUMENAUER, EARL",H6OR03064,H,OR,3,DEM,901 SE OAK STREET,SUITE 105,PORTLAND,OR,97214,892433.40,-,411201.74,118198.17,529399.91,932979.10,47.09,-,16000.00,-,-,11866.83,460.03
91,13629,https://classic.fec.gov/fecviewer/CandidateCommitteeDetail.do?candidateCommitteeId=H8FL15107&tabIndex=1,"POSEY, BILL",H8FL15107,H,FL,8,REP,P. O. BOX 411486,SUITE 105,MELBOURNE,FL,32941,306530.27,-,517326.00,54871.18,572197.18,353246.02,-,-,-,-,-,730.30,1327.50
92,52155,https://classic.fec.gov/fecviewer/CandidateCommitteeDetail.do?candidateCommitteeId=H8FL15230&tabIndex=1,"SPANO, VINCENT ROSS",H8FL15230,H,FL,15,REP,10101 BLOOMINGDALE AVENUE,SUITE 201,RIVERVIEW,FL,33578,1644.90,323153.10,404522.00,31594.75,436116.75,267853.45,-,-,17380.80,174500.00,-,30.00,39962.75
93,72266,https://classic.fec.gov/fecviewer/CandidateCommitteeDetail.do?candidateCommitteeId=H8TX32114&tabIndex=1,"MATERNOWSKI, TODD",H8TX32114,H,TX,32,DEM,PO BOX 741732,SUITE 201,DALLAS,TX,75374,(102.36),-,2650.00,3081.00,5731.00,-,-,-,-,-,-,-,-
94,46452,https://classic.fec.gov/fecviewer/CandidateCommitteeDetail.do?candidateCommitteeId=H6CA23206&tabIndex=1,"REED, WENDY",H6CA23206,H,CA,23,DEM,PO BOX 3133,SUITE 201,QUARTZ HILL,CA,93560,-,-,13628.65,8253.69,21882.34,1000.00,-,-,-,4499.23,-,12.68,-
95,500,https://classic.fec.gov/fecviewer/CandidateCommitteeDetail.do?candidateCommitteeId=H6FL09195&tabIndex=1,"LIEBNITZKY, WAYNE",H6FL09195,H,FL,9,REP,3225 CORD AVE,SUITE 201,ST CLOUD,FL,34772,-,-,52155.00,7097.91,59252.91,12000.00,-,250.42,-,-,-,-,3.56
96,0,https://classic.fec.gov/fecviewer/CandidateCommitteeDetail.do?candidateCommitteeId=H8ND01029&tabIndex=1,"HANSON, BEN",H8ND01029,H,ND,0,DEM,PO BOX 7114,SUITE 201,FARGO,ND,58106,-,-,72266.00,77954.24,150220.24,5600.00,-,3209.25,-,-,-,1750.00,-
97,0,https://classic.fec.gov/fecviewer/CandidateCommitteeDetail.do?candidateCommitteeId=H8IL14141&tabIndex=1,"SWANSON, VICTOR",H8IL14141,H,IL,14,DEM,143 S. RANDALL,#12,BATAVIA,IL,60510,-,-,46452.20,31636.00,78088.20,-,-,2267.10,-,-,-,54.58,-
98,6800,https://classic.fec.gov/fecviewer/CandidateCommitteeDetail.do?candidateCommitteeId=H8OK05091&tabIndex=1,"PORTER, EDDIE RAY",H8OK05091,H,OK,5,DEM,4205 NE 116TH STREET,#12,OKLAHOMA CITY,OK,73131,-,-,500.00,1055.00,1555.00,-,-,-,-,18350.00,-,-,-
99,7199,https://classic.fec.gov/fecviewer/CandidateCommitteeDetail.do?candidateCommitteeId=S8OH00128&tabIndex=1,"PINION, TIMOTHY A.",S8OH00128,S,OH,0,REP,4205 NE 116TH STREET,#12,PORTSMOUTH,OH,73131,-,-,-,-,-,-,-,-,-,-,-,-,-
100,0,https://classic.fec.gov/fecviewer/CandidateCommitteeDetail.do?candidateCommitteeId=S8OH00136&tabIndex=1,"FARLEY, PHILENA IRENE",S8OH00136,S,OH,0,GRE,4205 NE 116TH STREET,#12,COLUMBUS,OH,73131,-,-,-,-,-,-,-,-,-,-,-,-,-
101,335664,https://classic.fec.gov/fecviewer/CandidateCommitteeDetail.do?candidateCommitteeId=H6TX27092&tabIndex=1,"BARRERA, RAUL (ROY)",H6TX27092,H,TX,27,DEM,PO BOX 10317,#12,CORPUS CHRISTI,TX,78410,4800.49,(765.00),6800.00,896.18,7696.18,-,2000.00,-,-,2600.00,-,-,-
102,34977,https://classic.fec.gov/fecviewer/CandidateCommitteeDetail.do?candidateCommitteeId=H8KS02231&tabIndex=1,"MAYS, MARION DOUGLAS",H8KS02231,H,KS,2,REP,7501 SW ARTHURS RD,#12,TOPEKA,KS,66610,-,-,7199.40,515.30,7714.70,-,-,-,-,145000.00,-,450.00,-
103,223498,https://classic.fec.gov/fecviewer/CandidateCommitteeDetail.do?candidateCommitteeId=H8TX22222&tabIndex=1,"WILLIAMS, STEPHANIE MS.",H8TX22222,H,TX,22,NNE,411 NORTH MISSOURI STREET,PO BOX 119,ORCHARD,TX,77464,-,-,-,-,-,-,-,-,-,-,-,-,-
104,137135,https://classic.fec.gov/fecviewer/CandidateCommitteeDetail.do?candidateCommitteeId=H8WA08239&tabIndex=1,"HADER, SHANNON",H8WA08239,H,WA,8,DEM,2 E MAIN ST #429,PO BOX 119,AUBURN,WA,98002,17534.45,50000.00,335664.46,98275.91,433940.37,18300.00,-,5500.00,-,420000.00,-,8703.57,-
105,0,https://classic.fec.gov/fecviewer/CandidateCommitteeDetail.do?candidateCommitteeId=H8WI01164&tabIndex=1,"STEEN, KEVIN ADAM",H8WI01164,H,WI,1,REP,PO BOX 0185,PO BOX 119,SALEM,WI,53168,1753.30,-,34977.26,4768.26,39745.52,-,-,83.76,-,9000.00,-,65.62,-
106,6752367,https://classic.fec.gov/fecviewer/CandidateCommitteeDetail.do?candidateCommitteeId=H8WI03103&tabIndex=1,"TOFT, STEVE",H8WI03103,H,WI,3,REP,13213 THOMAS STREET,PO BOX 119,OSSEO,WI,54758,104.00,30000.00,223498.41,30403.93,253902.34,12000.00,-,6415.42,-,30000.00,-,104.00,2600.00
107,1691411,https://classic.fec.gov/fecviewer/CandidateCommitteeDetail.do?candidateCommitteeId=H8WI05165&tabIndex=1,"PALZEWICZ, TOM",H8WI05165,H,WI,5,DEM,17145 GREENWOOD COURT WEST,PO BOX 119,BROOKFIELD,WI,53005,2891.12,-,137134.88,89296.40,226431.28,21770.00,-,-,-,15000.00,-,-,-
108,956937,https://classic.fec.gov/fecviewer/CandidateCommitteeDetail.do?candidateCommitteeId=H8TX32080&tabIndex=1,"RODRIGUEZ, DARRELL ALLEN",H8TX32080,H,TX,4,DEM,P.O. BOX 600641,PO BOX 119,DALLAS,TX,75360,-,-,-,-,-,-,-,-,-,-,-,-,-
109,2000,https://classic.fec.gov/fecviewer/CandidateCommitteeDetail.do?candidateCommitteeId=S8MI00372&tabIndex=1,"JAMES, JOHN",S8MI00372,S,MI,0,REP,31525 FRANKLIN FAIRWAY ST,PO BOX 119,FARMINGTON HILLS,MI,48334,507954.88,-,6752367.36,5200025.62,11952393.98,375144.19,1227.60,-,149488.83,50000.00,-,23211.92,-
110,46990,https://classic.fec.gov/fecviewer/CandidateCommitteeDetail.do?candidateCommitteeId=S8MA00276&tabIndex=1,"DIEHL, GEOFF",S8MA00276,S,MA,0,REP,10 VILLAGE WAY,PO BOX 119,WHITMAN,MA,2382,8905.71,30484.84,1691411.05,1298567.51,2989978.56,34680.00,375.00,-,-,-,-,-,-
111,41650,https://classic.fec.gov/fecviewer/CandidateCommitteeDetail.do?candidateCommitteeId=S8MA00318&tabIndex=1,"KINGSTON, JOHN MR",S8MA00318,S,MA,0,REP,331 MONTVALE AVENUE,PO BOX 119,WOBURN,MA,1801,76483.29,398146.09,956937.00,424825.65,1381763.65,2150.00,-,240265.00,-,5098000.00,-,36977.78,67.08
112,0,https://classic.fec.gov/fecviewer/CandidateCommitteeDetail.do?candidateCommitteeId=H8OH12230&tabIndex=1,"LETT, CRYSTAL LYNN",H8OH12230,H,OH,12,DEM,6891 SPARROW LANE,PO BOX 119,COLUMBUS,OH,43235,-,-,2000.00,770.00,2770.00,-,-,-,-,-,-,-,-
113,0,https://classic.fec.gov/fecviewer/CandidateCommitteeDetail.do?candidateCommitteeId=H8WA08155&tabIndex=1,"DAS, MONA",H8WA08155,H,WA,8,DEM,140 LAKESIDE AVENUE,SUITE 22,SEATTLE,WA,98122,-,-,46989.51,43539.19,90528.70,-,-,1118.99,-,-,-,-,-
114,0,https://classic.fec.gov/fecviewer/CandidateCommitteeDetail.do?candidateCommitteeId=H8NV03176&tabIndex=1,"TACHE, LYNDA",H8NV03176,H,NV,3,REP,PO BOX 752004,SUITE 22,LAS VEGAS,NV,89136,-,-,41650.00,1005.00,42655.00,6000.00,-,2779.96,-,-,-,24.39,-
115,55167,https://classic.fec.gov/fecviewer/CandidateCommitteeDetail.do?candidateCommitteeId=S8MA00292&tabIndex=1,"MITCHELL, DARIUS",S8MA00292,S,MA,0,REP,108 BUTTERFIELD ST,SUITE 22,LOWELL,MA,1854,-,-,-,-,-,-,-,-,-,-,-,-,-
116,8864,https://classic.fec.gov/fecviewer/CandidateCommitteeDetail.do?candidateCommitteeId=S8ME00148&tabIndex=1,"HAMMER, ALEX",S8ME00148,S,ME,0,IND,PO BOX 2372,SUITE 22,BANGOR,ME,4402,-,-,-,-,-,-,-,-,-,-,-,-,-
117,225708,https://classic.fec.gov/fecviewer/CandidateCommitteeDetail.do?candidateCommitteeId=H8ME02136&tabIndex=1,"CLEAVES, PHILIP J MR JR",H8ME02136,H,ME,2,DEM,34 LINCOLN ST,SUITE 22,DEXTER,ME,4930,-,-,-,-,-,-,-,-,-,-,-,-,-
118,779464,https://classic.fec.gov/fecviewer/CandidateCommitteeDetail.do?candidateCommitteeId=H8CO02202&tabIndex=1,"WILLIAMS, MARK JOAQUIN MR.",H8CO02202,H,CO,2,DEM,1732 YAUPON AVE,SUITE 22,BOULDER,CO,80304,-,-,55167.18,32264.63,87431.81,-,-,-,-,-,-,-,5771.28
119,2316789,https://classic.fec.gov/fecviewer/CandidateCommitteeDetail.do?candidateCommitteeId=H4NE01163&tabIndex=1,"CRAWFORD, DENNIS P",H4NE01163,H,NE,1,DEM,9600 CALVERT STREET,SUITE 22,LINCOLN,NE,68520,105.00,-,8864.00,13195.00,22059.00,200.00,-,807.00,-,-,-,-,-
120,0,https://classic.fec.gov/fecviewer/CandidateCommitteeDetail.do?candidateCommitteeId=H8PA13117&tabIndex=1,"GOODMAN, SHIRA MS.",H8PA13117,H,PA,4,DEM,1432 CATLIN WAY,SUITE 22,DRESHER,PA,19025,398.25,-,225708.08,55073.62,280781.70,2150.00,-,16558.46,-,-,-,3620.00,-
121,596805,https://classic.fec.gov/fecviewer/CandidateCommitteeDetail.do?candidateCommitteeId=S6IL00292&tabIndex=1,"DUCKWORTH, L TAMMY",S6IL00292,S,IL,0,DEM,PO BOX 10793,SUITE 22,CHICAGO,IL,60610,1137843.69,-,779464.23,1029687.94,1809155.17,267550.00,-,-,63889.84,-,-,42412.00,67445.72
122,0,https://classic.fec.gov/fecviewer/CandidateCommitteeDetail.do?candidateCommitteeId=S6MD03177&tabIndex=1,"CARDIN, BENJAMIN L",S6MD03177,S,MD,0,DEM,PO BOX 21093,SUITE 22,CATONSVILLE,MD,21228,1261723.10,-,2316789.00,127687.75,2444480.75,1592761.56,-,-,28341.00,-,-,948.00,617.93
123,0,https://classic.fec.gov/fecviewer/CandidateCommitteeDetail.do?candidateCommitteeId=H8CA12247&tabIndex=1,"DEMASI, CHASE MR",H8CA12247,H,CA,12,REP,38228 PATWIN TERRACE,SUITE 22,DAVIS,CA,95616,-,-,-,-,-,-,-,-,-,-,-,-,-
124,0,https://classic.fec.gov/fecviewer/CandidateCommitteeDetail.do?candidateCommitteeId=H8VA06104&tabIndex=1,"CLINE, BENJAMIN LEE",H8VA06104,H,VA,6,REP,6 S. RANDOLPH STREET,SUITE 22,LEXINGTON,VA,24450,18747.53,29913.59,596804.97,88386.13,685191.10,298812.48,5000.00,1550.00,-,-,-,8691.52,-
125,0,https://classic.fec.gov/fecviewer/CandidateCommitteeDetail.do?candidateCommitteeId=S8ND00096&tabIndex=1,"PEYER, DUSTIN DAVID",S8ND00096,S,ND,0,DEM,328 SE 1ST ST,SUITE 22,DRISCOLL,ND,58532,-,-,-,-,-,-,-,-,-,-,-,-,-
126,0,https://classic.fec.gov/fecviewer/CandidateCommitteeDetail.do?candidateCommitteeId=H8NY21237&tabIndex=1,"KOPSER, JOSEPH",H8NY21237,H,NY,21,DEM,PO BOX 701711,SUITE 22,SAN ANTONIO,TX,78270,-,-,-,-,-,-,-,-,-,-,-,-,-
127,195484,https://classic.fec.gov/fecviewer/CandidateCommitteeDetail.do?candidateCommitteeId=H8IL17037&tabIndex=1,"SCHUH, JON RODNEY MR. JR.",H8IL17037,H,IL,17,REP,300 GEAR STREET,SUITE 22,GALENA,IL,61036,-,-,-,-,-,-,-,-,-,-,-,-,-
128,392097,https://classic.fec.gov/fecviewer/CandidateCommitteeDetail.do?candidateCommitteeId=H8TX22214&tabIndex=1,"BOWERS, HARRY",H8TX22214,H,TX,22,REP,4813 SCOTT RD,SUITE 22,PEARLAND,TX,77581,-,-,-,-,-,-,-,-,-,-,-,-,-
129,0,https://classic.fec.gov/fecviewer/CandidateCommitteeDetail.do?candidateCommitteeId=H8GA01055&tabIndex=1,"JARVIS, BERNARD STEFAN",H8GA01055,H,GA,1,DEM,190 QUAIL ROAD,SUITE 22,RICHMOND HILL,GA,31324,-,-,-,-,-,-,-,-,-,-,-,-,-
130,309737,https://classic.fec.gov/fecviewer/CandidateCommitteeDetail.do?candidateCommitteeId=H8NC06079&tabIndex=1,"WATTS, RYAN",H8NC06079,H,NC,6,DEM,PO BOX 1339,SUITE 22,GRAHAM,NC,27253,27458.60,-,195483.81,118161.59,313645.40,10600.00,41.67,15462.94,-,375.00,-,-,-
131,2066,https://classic.fec.gov/fecviewer/CandidateCommitteeDetail.do?candidateCommitteeId=H2OR01133&tabIndex=1,"BONAMICI, SUZANNE MS.",H2OR01133,H,OR,1,DEM,PO BOX 1632,SUITE 22,BEAVERTON,OR,97075,458748.99,-,392097.20,103697.58,495794.78,546123.44,-,-,-,-,-,269.46,-
132,6017,https://classic.fec.gov/fecviewer/CandidateCommitteeDetail.do?candidateCommitteeId=H8TX16075&tabIndex=1,"LECLAIRE, NICOLE JENAE",H8TX16075,H,TX,16,DEM,5223 MARBLE GATE LN,SUITE 22,HOUSTON,TX,77069,-,-,-,-,-,-,-,-,-,-,-,-,-
133,44950,https://classic.fec.gov/fecviewer/CandidateCommitteeDetail.do?candidateCommitteeId=H8NH01160&tabIndex=1,"SANBORN, ANDY",H8NH01160,H,NH,1,REP,71 EAGLE DRIVE,SUITE 22,BEDFORD,NH,3110,-,314610.47,309737.36,41265.83,351003.19,20650.00,-,-,-,511166.48,50.00,-,91.70
134,0,https://classic.fec.gov/fecviewer/CandidateCommitteeDetail.do?candidateCommitteeId=H8VA06088&tabIndex=1,"COPPOLA, SERGIO MR. II",H8VA06088,H,VA,6,DEM,6567 RAWLEY PIKE,SUITE 22,HINTON,VA,22831,-,-,2066.32,779.13,2845.45,-,-,580.52,-,2000.00,-,-,-
135,0,https://classic.fec.gov/fecviewer/CandidateCommitteeDetail.do?candidateCommitteeId=H8NY11071&tabIndex=1,"EMIG, ZACH",H8NY11071,H,NY,11,DEM,PO BOX 10230,SUITE 22,STATEN ISLAND,NY,10301,-,-,6016.90,873.99,6890.89,-,-,29095.01,-,14000.00,-,-,-
136,0,https://classic.fec.gov/fecviewer/CandidateCommitteeDetail.do?candidateCommitteeId=S8DE00103&tabIndex=1,"BOYCE, HENRY CHARLES  'CHUCK'  JR",S8DE00103,S,DE,0,REP,121 TUSCANY DRIVE,SUITE 22,MIDDLETOWN,DE,19709,(2656.39),-,44950.00,1134.00,46084.00,-,-,230027.00,-,105536.00,-,-,-
137,0,https://classic.fec.gov/fecviewer/CandidateCommitteeDetail.do?candidateCommitteeId=H8CA43150&tabIndex=1,"ZUNIGA, MIGUEL",H8CA43150,H,CA,43,GRE,PO BOX 1203,SUITE 22,LOMITA,CA,90717,-,-,-,-,-,-,-,-,-,-,-,-,-
138,17213799,https://classic.fec.gov/fecviewer/CandidateCommitteeDetail.do?candidateCommitteeId=H6FL07132&tabIndex=1,"WEINGART, PATRICK DONOVAN",H6FL07132,H,FL,7,REP,809 BAMBI AVE,SUITE 22,ALTAMONTE SPRINGS,FL,32714,-,-,-,-,-,-,-,-,-,-,-,-,-
139,500,https://classic.fec.gov/fecviewer/CandidateCommitteeDetail.do?candidateCommitteeId=H8UT02230&tabIndex=1,"SURVEYOR, CHARLOTTE",H8UT02230,H,UT,2,DEM,60 SOUTH 800 WEST,SUITE 22,SALT LAKE CITY,UT,84104,-,-,-,-,-,-,-,-,-,-,-,-,-
140,14083470,https://classic.fec.gov/fecviewer/CandidateCommitteeDetail.do?candidateCommitteeId=H6MD04282&tabIndex=1,"THERRIEN, DAVID",H6MD04282,H,MD,4,REP,8385 MARYLAND RD,SUITE 22,PASADENA,MD,21122,11960.41,14943.15,-,15.00,15.00,-,-,-,-,19443.15,-,-,-
141,2102518,https://classic.fec.gov/fecviewer/CandidateCommitteeDetail.do?candidateCommitteeId=S2TX00312&tabIndex=1,"CRUZ, RAFAEL EDWARD  TED",S2TX00312,S,TX,0,REP,815 A BRAZOS PMB 550,SUITE 22,AUSTIN,TX,78701,157958.64,10000.00,17213798.56,12020422.63,29234222.19,1281824.02,100.00,-,4105176.86,260000.00,-,12354.42,515390.19
142,3097478,https://classic.fec.gov/fecviewer/CandidateCommitteeDetail.do?candidateCommitteeId=H8CA39216&tabIndex=1,"SAREGA, ANDREW",H8CA39216,H,CA,39,REP,5300 BEACH BLVD,APT 101-295,BUENA PARK,CA,90621,-,35000.00,500.00,335.00,835.00,-,-,-,-,35000.00,-,-,-
143,7461,https://classic.fec.gov/fecviewer/CandidateCommitteeDetail.do?candidateCommitteeId=S2ND00099&tabIndex=1,"HEITKAMP, HEIDI",S2ND00099,S,ND,0,DEM,21 CAPTAIN LEACH DRIVE,APT 101-295,MANDAN,ND,58554,6483856.47,-,14083469.82,11504587.97,25588061.79,2920093.62,1000.00,-,975830.43,-,-,6239.02,34370.79
144,62400,https://classic.fec.gov/fecviewer/CandidateCommitteeDetail.do?candidateCommitteeId=S2NE00094&tabIndex=1,"FISCHER, DEBRA S",S2NE00094,S,NE,0,REP,5555 SOUTH ST STE 200,APT 101-295,LINCOLN,NE,68506,511616.90,-,2102517.89,192391.44,2294909.33,1871393.00,-,-,340857.09,-,-,1476.13,-
145,0,https://classic.fec.gov/fecviewer/CandidateCommitteeDetail.do?candidateCommitteeId=S2NM00088&tabIndex=1,"HEINRICH, MARTIN TREVOR",S2NM00088,S,NM,0,DEM,PO BOX 25763,APT 101-295,ALBUQUERQUE,NM,87125,654974.35,-,3097478.33,847144.43,3944623.76,1909809.51,2000.00,-,468120.38,-,-,2329.68,50180.53
146,0,https://classic.fec.gov/fecviewer/CandidateCommitteeDetail.do?candidateCommitteeId=H8CA42236&tabIndex=1,"WOODY, MATT",H8CA42236,H,CA,42,NNE,PO BOX 2651,APT 101-295,CORONA,CA,92878,2114.72,39116.26,7461.00,-,7461.00,-,-,-,-,39000.00,-,-,-
147,1129,https://classic.fec.gov/fecviewer/CandidateCommitteeDetail.do?candidateCommitteeId=H8IL08119&tabIndex=1,"JHINGAN, VANDANA",H8IL08119,H,IL,8,REP,101 BAR HARBOUR RD,APT 101-295,SCHAUMBURG,IL,60193,-,-,62400.00,300.00,62700.00,-,-,-,-,11000.00,-,-,-
148,360,https://classic.fec.gov/fecviewer/CandidateCommitteeDetail.do?candidateCommitteeId=H8KS02124&tabIndex=1,"STANDLEY, KELLY DON",H8KS02124,H,KS,2,DEM,602 MAPLE STREET,APT 101-295,SAINT PAUL,KS,66771,-,-,-,-,-,-,-,-,-,-,-,-,-
149,1406,https://classic.fec.gov/fecviewer/CandidateCommitteeDetail.do?candidateCommitteeId=H8OH13139&tabIndex=1,"HARTMAN, DARRELL LYNN",H8OH13139,H,OH,16,REP,600 HILLMAN RD,APT 101-295,AKRON,OH,44312,-,-,-,-,-,-,-,-,-,-,-,-,-
150,8850,https://classic.fec.gov/fecviewer/CandidateCommitteeDetail.do?candidateCommitteeId=H8NY11097&tabIndex=1,"DECILLIS, ALFRED MICHAEL",H8NY11097,H,NY,11,DEM,P.O. BOX 10299,APT 101-295,STATEN ISLAND,NY,10301,(6209.46),-,1128.57,1250.00,2378.57,-,-,15942.83,-,-,-,-,100.00
151,18725,https://classic.fec.gov/fecviewer/CandidateCommitteeDetail.do?candidateCommitteeId=H8IN07150&tabIndex=1,"HARMON, WAYNE E",H8IN07150,H,IN,7,REP,PO BOX 19603,APT 101-295,INDIANAPOLIS,IN,46219,267.54,-,360.00,-,20.00,-,-,386.00,-,-,-,-,-
152,53150,https://classic.fec.gov/fecviewer/CandidateCommitteeDetail.do?candidateCommitteeId=H8NY21351&tabIndex=1,"KAHN, LYNN SANDRA",H8NY21351,H,NY,21,GRE,18 LAKEVIEW WAY,APT 101-295,SCHROON LAKE,NY,12870,149.00,-,1406.00,1355.00,2761.00,-,1000.00,400.00,-,1677.00,-,-,-
153,146790,https://classic.fec.gov/fecviewer/CandidateCommitteeDetail.do?candidateCommitteeId=H8KS02215&tabIndex=1,"TANNAHILL, TYLER NATHAN",H8KS02215,H,KS,2,REP,1035 S BROADWAY ST,APT 101-295,LEAVENWORTH,KS,66048,-,-,8850.00,3868.50,12718.50,-,-,-,-,65100.00,-,-,-
154,393525,https://classic.fec.gov/fecviewer/CandidateCommitteeDetail.do?candidateCommitteeId=H4IA03057&tabIndex=1,"SHERZAN, MICHAEL THOMAS",H4IA03057,H,IA,3,DEM,6775 BOONEVILLE RD,APT 101-295,WEST DES MOINES,IA,50266,-,-,18725.00,5441.99,24166.99,-,-,36545.30,-,-,-,-,-
155,1268138,https://classic.fec.gov/fecviewer/CandidateCommitteeDetail.do?candidateCommitteeId=H8AZ03159&tabIndex=1,"PIERSON, JOE NICOLAS",H8AZ03159,H,AZ,3,REP,2361 N LAKE STAR DRIVE,APT 101-295,TUCSON,AZ,85749,19.24,5000.00,53150.00,17117.00,70267.00,1500.00,-,-,-,5609.00,-,-,25.00
156,1610557,https://classic.fec.gov/fecviewer/CandidateCommitteeDetail.do?candidateCommitteeId=H8NH02267&tabIndex=1,"LEVENSON, STEWART",H8NH02267,H,NH,2,REP,117 HOPKINS GREEN ROAD,APT 101-295,HOPKINTON,NH,3229,-,-,146789.69,12207.00,158996.69,-,-,305389.92,-,50000.00,-,175.58,-
157,490152,https://classic.fec.gov/fecviewer/CandidateCommitteeDetail.do?candidateCommitteeId=H8TX25159&tabIndex=1,"OLIVER, JULIE LYNN",H8TX25159,H,TX,25,DEM,PO BOX 310,APT 101-295,AUSTIN,TX,78767,-,2644.27,393525.14,239701.27,633226.41,700.00,4000.00,3799.49,-,3125.00,-,16.99,1058.29
158,3802,https://classic.fec.gov/fecviewer/CandidateCommitteeDetail.do?candidateCommitteeId=H8NY02104&tabIndex=1,"GRECHEN SHIRLEY, LIUBOV LIUBA",H8NY02104,H,NY,2,DEM,PO BOX 694,APT 101-295,AMITYVILLE,NY,11701,18794.78,3000.00,1268137.67,562748.11,1830885.78,120199.76,-,-,25883.34,-,-,2357.35,-
159,0,https://classic.fec.gov/fecviewer/CandidateCommitteeDetail.do?candidateCommitteeId=H8CA39174&tabIndex=1,"CISNEROS, GILBERT",H8CA39174,H,CA,39,DEM,10880 WILSHIRE BLVD.,SUITE 2100,LOS ANGELES,CA,90024,81438.82,579849.73,1610557.22,569074.44,2179631.66,83908.20,1544.18,52761.86,464859.65,9200000.00,-,140465.49,142022.98
160,0,https://classic.fec.gov/fecviewer/CandidateCommitteeDetail.do?candidateCommitteeId=H8KS03122&tabIndex=1,"WELDER, BRENT",H8KS03122,H,KS,3,DEM,PO BOX 860313,SUITE 2100,SHAWNEE,KS,66286,298.77,-,490151.69,378804.42,868956.11,70122.66,-,2032.26,-,54750.00,-,1102.06,0.01
161,0,https://classic.fec.gov/fecviewer/CandidateCommitteeDetail.do?candidateCommitteeId=H6FL01143&tabIndex=1,"MILLS, JOHN",H6FL01143,H,FL,1,REP,1940 BOARDWALK DRIVE,SUITE 2100,MIRAMAR BEACH,FL,32550,277.63,38536.03,3801.60,6080.00,9881.60,-,-,-,-,21112.46,920.16,-,-
162,0,https://classic.fec.gov/fecviewer/CandidateCommitteeDetail.do?candidateCommitteeId=S8TN00329&tabIndex=1,"BAILEY, BILLY",S8TN00329,S,TN,0,DEM,2919 SHACONAGE TRAIL,SUITE 2100,SEVIERVILLE,TN,37876,-,-,-,-,-,-,-,-,-,-,-,-,-
163,21344,https://classic.fec.gov/fecviewer/CandidateCommitteeDetail.do?candidateCommitteeId=H4IN04180&tabIndex=1,"GRANT, KEVIN J",H4IN04180,H,IN,4,REP,5627 SHOOTINGSTAR LANE,SUITE 2100,WEST LAFAYETTE,IN,47906,-,-,-,-,-,-,-,-,-,-,-,-,-
164,0,https://classic.fec.gov/fecviewer/CandidateCommitteeDetail.do?candidateCommitteeId=H8MA03080&tabIndex=1,"MARINO, LOUIS GREGORY MR",H8MA03080,H,MA,3,REP,7 ATLANTIC AVE,APT 2,FITCHBURG,MA,1420,-,-,-,-,-,-,-,-,-,-,-,-,-
165,0,https://classic.fec.gov/fecviewer/CandidateCommitteeDetail.do?candidateCommitteeId=H6NH02196&tabIndex=1,"MARTIN, ANDY",H6NH02196,H,NH,1,REP,PO BOX 742,APT 2,MANCHESTER,NH,3105,-,-,-,-,-,-,-,-,-,-,-,-,-
166,0,https://classic.fec.gov/fecviewer/CandidateCommitteeDetail.do?candidateCommitteeId=H8CA49116&tabIndex=1,"CHRISTINA, PREJEAN",H8CA49116,H,CA,49,DEM,"1787 TRIBUTE ROAD, SUITE K",APT 2,SACRAMENTO,CA,95815,-,-,21344.00,16210.46,37554.46,-,-,-,-,-,-,-,-
167,159686,https://classic.fec.gov/fecviewer/CandidateCommitteeDetail.do?candidateCommitteeId=S8WV00135&tabIndex=1,"COPLEY, JIMMY DALE II",S8WV00135,S,WV,0,REP,92 BOY SCOUT HOLLOW,APT 2,DELBARTON,WV,25670,-,-,-,-,-,-,-,-,-,-,-,-,-
168,23470,https://classic.fec.gov/fecviewer/CandidateCommitteeDetail.do?candidateCommitteeId=H8IN09115&tabIndex=1,"CHATLOS, ROBERT",H8IN09115,H,IN,9,DEM,3220 S LEONARD SPRINGS ROAD,APT 2,BLOOMINGTON,IN,47402,215.00,-,-,1015.00,1015.00,-,-,2000.00,-,-,-,-,-
169,5152,https://classic.fec.gov/fecviewer/CandidateCommitteeDetail.do?candidateCommitteeId=S8WV00176&tabIndex=1,"WILLIS, THOMAS EDWARD II",S8WV00176,S,WV,0,REP,71 DRUMWOOD ROAD,APT 2,MARTINSBURG,WV,25403,-,-,-,-,-,-,-,-,-,-,-,-,-
170,7450,https://classic.fec.gov/fecviewer/CandidateCommitteeDetail.do?candidateCommitteeId=H8CA07072&tabIndex=1,"BARASH, YONA",H8CA07072,H,CA,7,REP,5 MEDICAL PLAZA DRIVE,APT 130,ROSEVILLE,CA,95661,-,-,159685.50,14646.00,174331.50,-,-,7506.24,-,140000.00,-,109.78,-
171,0,https://classic.fec.gov/fecviewer/CandidateCommitteeDetail.do?candidateCommitteeId=H8NY27143&tabIndex=1,"STANKEVICH, NICHOLAS RICHARD MR.",H8NY27143,H,NY,27,DEM,P.O. BOX 321,APT 130,MUMFORD,NY,14511,-,-,23470.00,10591.20,34061.20,2000.00,-,-,-,-,60000.00,-,-
172,2470095,https://classic.fec.gov/fecviewer/CandidateCommitteeDetail.do?candidateCommitteeId=H8OH08071&tabIndex=1,"JONES, THEODORE",H8OH08071,H,OH,8,DEM,9608 AUGUSTA LANE,APT 130,PIQUA,OH,45356,1305.00,-,5152.00,-,5152.00,-,200.00,-,-,-,-,-,-
173,53940,https://classic.fec.gov/fecviewer/CandidateCommitteeDetail.do?candidateCommitteeId=H8MD06226&tabIndex=1,"ROHRS, BRADLEY STEPHEN",H8MD06226,H,MD,6,REP,"13017 WISTERIA DRIVE, SUITE 392",APT 130,GERMANTOWN,MD,20874,2878.30,2300.00,7450.00,245.00,7695.00,-,-,-,-,2300.00,-,-,-
174,177939,https://classic.fec.gov/fecviewer/CandidateCommitteeDetail.do?candidateCommitteeId=S8DE00111&tabIndex=1,"BOOKER, TYKIEM",S8DE00111,S,DE,0,DEM,313 5TH AVE,APT 130,WILMINGTON,DE,19805,-,-,-,-,-,-,-,-,-,-,-,-,-
175,1103297,https://classic.fec.gov/fecviewer/CandidateCommitteeDetail.do?candidateCommitteeId=H6FL18097&tabIndex=1,"MAST, BRIAN",H6FL18097,H,FL,18,REP,PO BOX 3016,APT 130,STUART,FL,34995,167492.62,-,2470094.82,1875276.12,4345370.94,1135945.70,-,-,606229.58,-,-,2789.70,29942.03
176,193850,https://classic.fec.gov/fecviewer/CandidateCommitteeDetail.do?candidateCommitteeId=H8CA50163&tabIndex=1,"WELLS, WILLIAM",H8CA50163,H,CA,50,REP,181 REA AVE,UNIT D,EL CAJON,CA,92020,6292.81,-,53940.00,3205.75,57145.75,-,-,-,-,-,-,-,-
177,0,https://classic.fec.gov/fecviewer/CandidateCommitteeDetail.do?candidateCommitteeId=H0CA10073&tabIndex=1,"DESAULNIER, MARK",H0CA10073,H,CA,11,DEM,PO BOX 6066,UNIT D,CONCORD,CA,94524,311530.46,-,177938.55,51911.24,229849.79,344100.00,-,-,-,-,-,2092.14,-
178,0,https://classic.fec.gov/fecviewer/CandidateCommitteeDetail.do?candidateCommitteeId=H0MN01045&tabIndex=1,"HAGEDORN, JAMES",H0MN01045,H,MN,1,REP,PO BOX 63,UNIT D,BLUE EARTH,MN,56013,1091.73,54149.23,1103297.42,124605.08,1227902.50,369629.11,15667.20,-,-,-,-,341.91,-
179,0,https://classic.fec.gov/fecviewer/CandidateCommitteeDetail.do?candidateCommitteeId=H8FL15222&tabIndex=1,"COMBEE, NEIL",H8FL15222,H,FL,15,REP,16000 ROCKRIDGE ROAD,UNIT D,POLK CITY,FL,33868,87.52,-,193850.00,11315.00,205165.00,12500.00,-,-,-,-,-,-,-
180,3163,https://classic.fec.gov/fecviewer/CandidateCommitteeDetail.do?candidateCommitteeId=H2OH02077&tabIndex=1,"CONDIT, JR., JIM",H2OH02077,H,OH,2,GRE,4575 FAIRVIEW LANE,UNIT D,CINCINNATI,OH,45247,-,-,-,-,-,-,-,-,-,-,-,-,-
181,6142,https://classic.fec.gov/fecviewer/CandidateCommitteeDetail.do?candidateCommitteeId=H6OH05097&tabIndex=1,"NEU, JAMES, JR.",H6OH05097,H,OH,5,DEM,7243 STARLAWN ROAD,UNIT D,PERRYSBURG,OH,43551,-,-,-,-,-,-,-,-,-,-,-,-,-
182,54523,https://classic.fec.gov/fecviewer/CandidateCommitteeDetail.do?candidateCommitteeId=H8CA36196&tabIndex=1,"BENTLEY, ROBERT",H8CA36196,H,CA,36,REP,PO BOX 392,UNIT D,DESERT HOT SPRINGS,CA,92240,60.00,-,-,0.90,-,-,-,110.00,-,-,-,-,-
183,20522362,https://classic.fec.gov/fecviewer/CandidateCommitteeDetail.do?candidateCommitteeId=H8CA29100&tabIndex=1,"DUENAS, ANGELICA",H8CA29100,H,CA,29,GRE,PO BOX 862,UNIT D,SUN VALLEY,CA,91353,(14.18),-,3163.00,3723.85,6886.85,-,200.00,381.55,-,-,-,-,-
184,11297015,https://classic.fec.gov/fecviewer/CandidateCommitteeDetail.do?candidateCommitteeId=H8FL18036&tabIndex=1,"CUMMINGS, DAVE",H8FL18036,H,FL,18,REP,PO BOX 1192,UNIT D,FORT PIERCE,FL,34954,5552.46,-,6142.00,1080.00,7222.00,-,-,16040.00,-,-,-,-,-
185,6096914,https://classic.fec.gov/fecviewer/CandidateCommitteeDetail.do?candidateCommitteeId=H8NY01189&tabIndex=1,"DIMASI, ELAINE DR. PHD",H8NY01189,H,NY,1,DEM,243 DEER ROAD,UNIT D,RONKONKOMA,NY,11779,3662.71,71.68,54522.79,29406.32,83929.11,-,-,4.00,-,20198.81,-,71.68,-
186,12194290,https://classic.fec.gov/fecviewer/CandidateCommitteeDetail.do?candidateCommitteeId=S6MO00305&tabIndex=1,"MCCASKILL, CLAIRE",S6MO00305,S,MO,0,DEM,PO BOX 300077,UNIT D,ST. LOUIS,MO,63130,241328.55,-,20522361.52,11507280.99,32029648.51,2401313.57,-,174288.12,2963215.80,-,-,138395.68,7781.97
187,3769138,https://classic.fec.gov/fecviewer/CandidateCommitteeDetail.do?candidateCommitteeId=S6MT00162&tabIndex=1,"TESTER, JON",S6MT00162,S,MT,0,DEM,709 SON LANE,UNIT D,BIG SANDY,MT,59520,480573.87,-,11297014.55,3737087.87,15034106.42,2417939.00,-,-,1190926.45,-,-,2784.37,40848.19
188,0,https://classic.fec.gov/fecviewer/CandidateCommitteeDetail.do?candidateCommitteeId=S6NJ00289&tabIndex=1,"MENENDEZ, ROBERT",S6NJ00289,S,NJ,0,DEM,ONE GATEWAY CENTER SUITE 520,UNIT D,NEWARK,NJ,7102,219431.60,-,6096913.56,225520.47,6322437.03,1525118.62,5000.00,-,1713098.74,-,-,3800.29,9729.68
189,5642,https://classic.fec.gov/fecviewer/CandidateCommitteeDetail.do?candidateCommitteeId=S6OH00163&tabIndex=1,"BROWN, SHERROD",S6OH00163,S,OH,0,DEM,37905 HERON LN,UNIT D,AVON LAKE,OH,44011,1371245.26,-,12194290.42,5233663.16,17427954.58,2552879.50,-,-,2734077.17,-,-,3329.50,48309.70
190,311916,https://classic.fec.gov/fecviewer/CandidateCommitteeDetail.do?candidateCommitteeId=S6RI00221&tabIndex=1,"WHITEHOUSE, SHELDON II",S6RI00221,S,RI,0,DEM,PO BOX 40280,UNIT D,PROVIDENCE,RI,2940,768759.81,-,3769138.44,95846.00,3864984.44,1052710.53,4520.00,-,259507.83,-,-,8119.76,349.74
191,40904,https://classic.fec.gov/fecviewer/CandidateCommitteeDetail.do?candidateCommitteeId=H8CA25090&tabIndex=1,"FLEMING, DANIEL",H8CA25090,H,CA,25,DEM,10351 ODESSA AVE.,UNIT D,GRANADA HILLS,CA,91344,-,-,-,-,-,-,-,-,-,-,-,-,-
192,13503,https://classic.fec.gov/fecviewer/CandidateCommitteeDetail.do?candidateCommitteeId=H8NC13075&tabIndex=1,"BAILEY, THOMAS AARON",H8NC13075,H,NC,13,LIB,110 ODELL ST,UNIT D,GREENSBORO,NC,27403,-,-,5642.00,-,-,13.00,-,200.00,-,-,-,-,-
193,24480,https://classic.fec.gov/fecviewer/CandidateCommitteeDetail.do?candidateCommitteeId=H8ND00104&tabIndex=1,"CAMPBELL, TOM",H8ND00104,H,ND,0,REP,700 9TH ST S,UNIT D,FARGO,ND,58103,102704.00,-,311915.53,141413.34,453329.87,1350.00,-,-,-,745000.00,-,1379.00,1.00
194,19700,https://classic.fec.gov/fecviewer/CandidateCommitteeDetail.do?candidateCommitteeId=H8NH01228&tabIndex=1,"MACKENZIE, MARK S",H8NH01228,H,NH,1,DEM,319 WEST ERIE STREET,UNIT D,MANCHESTER,NH,3102,(481.89),(345.20),40904.00,12010.02,52914.02,48732.36,-,50303.00,-,200000.00,-,131.67,-
195,14788020,https://classic.fec.gov/fecviewer/CandidateCommitteeDetail.do?candidateCommitteeId=S8CA00606&tabIndex=1,"LITTLE, PATRICK",S8CA00606,S,CA,0,REP,735 WEST END WAY #104,UNIT D,ALBANY,CA,94706,445.00,-,13503.00,50.00,13553.00,-,100.00,-,-,-,-,-,-
196,649757,https://classic.fec.gov/fecviewer/CandidateCommitteeDetail.do?candidateCommitteeId=S4NE00157&tabIndex=1,"WATSON, TODD",S4NE00157,S,NE,0,REP,2855 S 70TH #200,UNIT D,LINCOLN,NE,68506,-,21299.00,24480.00,4043.00,28523.00,-,-,-,-,35800.00,-,-,-
197,110976,https://classic.fec.gov/fecviewer/CandidateCommitteeDetail.do?candidateCommitteeId=H8KS03080&tabIndex=1,"MCCONNELL, JOSEPH",H8KS03080,H,KS,3,DEM,PO BOX 11426,UNIT D,OVERLAND PARK,KS,66207,-,-,19700.00,5457.63,25157.63,-,-,11025.00,-,-,-,-,-
198,2709877,https://classic.fec.gov/fecviewer/CandidateCommitteeDetail.do?candidateCommitteeId=S2WI00219&tabIndex=1,"BALDWIN, TAMMY",S2WI00219,S,WI,0,DEM,PO BOX 11426,UNIT D,MADISON,WI,66207,142193.20,-,14788020.33,9443424.45,24231447.78,1881644.77,100.00,-,1490494.35,-,-,155160.75,-
199,572000,https://classic.fec.gov/fecviewer/CandidateCommitteeDetail.do?candidateCommitteeId=H2GA12121&tabIndex=1,"ALLEN, RICHARD W",H2GA12121,H,GA,12,REP,2237 PICKENS RD,UNIT D,AUGUSTA,GA,30904,80757.79,1125000.00,649756.60,63310.15,713066.75,409492.00,-,-,-,-,-,2065.16,-
200,3606709,https://classic.fec.gov/fecviewer/CandidateCommitteeDetail.do?candidateCommitteeId=H8FL21055&tabIndex=1,"JETTA, KURT",H8FL21055,H,FL,21,REP,1022 DEL HARBOUR DRIVE,UNIT D,DELRAY BEACH,FL,33843,-,250000.00,110976.00,4431.18,115407.18,-,-,129309.70,-,250000.00,-,0.79,-
201,380268,https://classic.fec.gov/fecviewer/CandidateCommitteeDetail.do?candidateCommitteeId=H8FL26039&tabIndex=1,"MUCARSEL-POWELL, DEBBIE",H8FL26039,H,FL,26,DEM,PO BOX 566442,UNIT D,MIAMI,FL,33256,39817.47,-,2709877.13,706239.19,3416116.32,476474.03,14838.27,1000.00,745876.77,-,-,1116.91,-
202,560887,https://classic.fec.gov/fecviewer/CandidateCommitteeDetail.do?candidateCommitteeId=H8FL27037&tabIndex=1,"BARREIRO, BRUNO",H8FL27037,H,FL,27,REP,PO BOX 453308,UNIT D,MIAMI,FL,332453308,102204.86,-,572000.00,4578.00,576578.00,2000.00,-,-,-,-,-,-,-
203,0,https://classic.fec.gov/fecviewer/CandidateCommitteeDetail.do?candidateCommitteeId=H8WA05193&tabIndex=1,"BROWN, LISA",H8WA05193,H,WA,5,DEM,PO BOX 154,UNIT D,SPOKANE,WA,99210,54377.84,-,3606709.36,1375664.80,4982374.16,477670.89,7313.37,76.15,294905.40,-,-,1543.19,100.00
204,2905245,https://classic.fec.gov/fecviewer/CandidateCommitteeDetail.do?candidateCommitteeId=S4MS00120&tabIndex=1,"MCDANIEL, CHRISTOPHER BRIAN",S4MS00120,S,MS,0,REP,414 W OAK ST,UNIT D,LAUREL,MS,39440,7866.46,55000.00,380268.26,223032.41,603300.67,9150.00,1000.00,-,-,55000.00,-,255.00,-
205,539012,https://classic.fec.gov/fecviewer/CandidateCommitteeDetail.do?candidateCommitteeId=H8CA45155&tabIndex=1,"HAMADANCHY, KIA",H8CA45155,H,CA,45,DEM,PO BOX 6265,UNIT D,IRVINE,CA,92616,-,-,560887.15,82935.66,643822.81,11000.00,-,-,-,-,-,229.84,-
206,261536,https://classic.fec.gov/fecviewer/CandidateCommitteeDetail.do?candidateCommitteeId=H8NE01099&tabIndex=1,"SVOBODA, STEVE",H8NE01099,H,NE,1,DEM,3215 N 75TH ST,UNIT D,LINCOLN,NE,685072188,-,-,-,-,-,-,-,-,-,24697.00,-,-,-
207,2545458,https://classic.fec.gov/fecviewer/CandidateCommitteeDetail.do?candidateCommitteeId=S8AL00308&tabIndex=1,"STRANGE, LUTHER J III",S8AL00308,S,AL,0,REP,1830 29TH AVENUE SOUTH,SUITE 465,HOMEWOOD,AL,35209,127802.98,236874.43,2905245.00,49383.00,2954628.00,1712076.00,47400.00,100000.00,271840.00,-,245000.00,161252.00,700.00
208,4000,https://classic.fec.gov/fecviewer/CandidateCommitteeDetail.do?candidateCommitteeId=H8PA04116&tabIndex=1,"DEAN, MADELEINE",H8PA04116,H,PA,4,DEM,795 GLEN RD,SUITE 465,JENKINTOWN,PA,19046,144526.31,192500.00,539011.45,100684.11,639695.56,487949.56,-,3428.78,25054.14,275000.00,-,1078.75,62.85
209,0,https://classic.fec.gov/fecviewer/CandidateCommitteeDetail.do?candidateCommitteeId=H8PA05295&tabIndex=1,"KIM, PEARL",H8PA05295,H,PA,5,REP,A301 SUMMIT DRIVE,SUITE 465,BRYN MAWR,PA,19010,-,-,261536.34,39593.42,301129.76,19783.25,200.00,-,-,199999.94,-,150.00,-
210,0,https://classic.fec.gov/fecviewer/CandidateCommitteeDetail.do?candidateCommitteeId=H8PA06087&tabIndex=1,"HOULAHAN, CHRISSY",H8PA06087,H,PA,6,DEM,PO BOX 222,SUITE 465,DEVON,DC,19333,952055.91,-,2545457.64,494898.76,3040356.40,659894.96,512.69,-,598933.84,50000.00,-,3455.65,1295.96
211,1300,https://classic.fec.gov/fecviewer/CandidateCommitteeDetail.do?candidateCommitteeId=H8TX10094&tabIndex=1,"DEGROW, RICHIE",H8TX10094,H,TX,10,DEM,6818 HANOVER LN,SUITE 465,AUSTIN,TX,78723,8.00,-,4000.00,803.00,4803.00,-,-,1273.13,-,-,-,-,-
212,1271,https://classic.fec.gov/fecviewer/CandidateCommitteeDetail.do?candidateCommitteeId=H8TX32130&tabIndex=1,"HENRY, DAVID DEAN",H8TX32130,H,TX,32,DEM,5426 MEADOWCREEK DRIVE,#1003A,DALLAS,TX,75248,-,-,-,-,-,-,-,-,-,-,-,-,-
213,0,https://classic.fec.gov/fecviewer/CandidateCommitteeDetail.do?candidateCommitteeId=H6TX01253&tabIndex=1,"CULLER, ANTHONY PATRICK",H6TX01253,H,TX,1,REP,PO BOX 6540,#1003A,TYLER,TX,75711,-,-,-,-,-,-,-,-,-,-,-,-,-
214,5462,https://classic.fec.gov/fecviewer/CandidateCommitteeDetail.do?candidateCommitteeId=H8NJ07256&tabIndex=1,"MOXLEY, DIANE",H8NJ07256,H,NJ,7,GRE,227 4TH AVE,#1003A,GARWOOD,NJ,7027,501.00,-,1300.00,2482.00,3782.00,-,1525.00,-,-,-,-,424.00,-
215,19671,https://classic.fec.gov/fecviewer/CandidateCommitteeDetail.do?candidateCommitteeId=H4KY06163&tabIndex=1,"YOUNG, GEOFFREY M",H4KY06163,H,KY,6,DEM,454 KIMBERLY PLACE,#1003A,LEXINGTON,KY,40503,-,-,1271.00,-,1054.00,-,-,508.00,-,8600.00,-,400.00,5.37
216,113883,https://classic.fec.gov/fecviewer/CandidateCommitteeDetail.do?candidateCommitteeId=H4NJ01142&tabIndex=1,"TOMASZEWSKI, SCOT JOHN",H4NJ01142,H,NJ,1,DEM,706 PARK BOULEVARD,#1003A,CHERRY HILL,NJ,8003,-,65612.00,-,-,-,-,-,34618.00,-,65612.00,-,-,-
217,2100,https://classic.fec.gov/fecviewer/CandidateCommitteeDetail.do?candidateCommitteeId=H8NY01171&tabIndex=1,"HENRY, BRENDON T",H8NY01171,H,NY,1,DEM,141 OLD NECK ROAD,#1003A,CENTER MORICHES,NY,11934,1868.00,-,5462.00,8418.00,13038.00,-,-,-,-,-,-,-,-
218,4450,https://classic.fec.gov/fecviewer/CandidateCommitteeDetail.do?candidateCommitteeId=S8WA00236&tabIndex=1,"HOFFMAN, STEVE",S8WA00236,S,WA,0,OTH,5018 RAINIER AVE S,#1003A,SEATTLE,WA,98118,-,-,19671.00,8375.00,28046.00,350.00,-,110.00,-,-,-,-,2.79
219,853876,https://classic.fec.gov/fecviewer/CandidateCommitteeDetail.do?candidateCommitteeId=H8WI07104&tabIndex=1,"EWERT, BRIAN",H8WI07104,H,WI,7,DEM,PO BOX 1017,#1003A,MARSHFIELD,WI,54449,7306.10,58556.61,113883.00,28110.73,141993.73,3570.00,-,10025.00,-,65000.00,-,-,233.65
220,0,https://classic.fec.gov/fecviewer/CandidateCommitteeDetail.do?candidateCommitteeId=S8WA00244&tabIndex=1,"GIBSON, JOSEPH",S8WA00244,S,WA,0,REP,12001 NE 96TH AVE,#1003A,VANCOUVER,WA,98662,1862.00,-,2100.00,8688.00,10788.00,-,-,-,-,-,-,-,-
221,0,https://classic.fec.gov/fecviewer/CandidateCommitteeDetail.do?candidateCommitteeId=H8AZ08141&tabIndex=1,"ALLEN, CHAD",H8AZ08141,H,AZ,8,REP,5115 N DYSART STE 202 #196,#1003A,LITCHFIELD PARK,AZ,85340,-,-,4450.00,175.00,4625.00,-,-,28386.58,-,-,-,-,-
222,900,https://classic.fec.gov/fecviewer/CandidateCommitteeDetail.do?candidateCommitteeId=H8VA11062&tabIndex=1,"CONNOLLY, GERALD EDWARD",H8VA11062,H,VA,11,DEM,3315 MANTUA DR,#1003A,FAIRFAX,VA,22031,2705104.64,-,853876.13,283218.83,1137094.96,907496.25,10000.00,-,-,-,-,4239.38,19528.06
223,4250,https://classic.fec.gov/fecviewer/CandidateCommitteeDetail.do?candidateCommitteeId=H8IL12087&tabIndex=1,"COLOMBO, NATHAN CHARLES MR",H8IL12087,H,IL,12,DEM,229 HUNT RD,#1003A,CARBONDALE,IL,62902,-,-,-,-,-,-,-,-,-,-,-,-,-
224,0,https://classic.fec.gov/fecviewer/CandidateCommitteeDetail.do?candidateCommitteeId=H8CA37301&tabIndex=1,"ALEMAYHU, TED",H8CA37301,H,CA,39,OTH,PO BOX 9782,#1003A,LOS ANGELES,CA,90036,-,-,-,-,-,-,-,-,-,-,-,-,-
225,0,https://classic.fec.gov/fecviewer/CandidateCommitteeDetail.do?candidateCommitteeId=H8CA07064&tabIndex=1,"WESTMORELAND, BRAD",H8CA07064,H,CA,7,DEM,PO BOX 580488,#1003A,ELK GROVE,CA,95758,-,-,900.00,912.10,1812.10,500.00,-,269.85,-,-,-,-,-
226,0,https://classic.fec.gov/fecviewer/CandidateCommitteeDetail.do?candidateCommitteeId=H8IL04167&tabIndex=1,"LOPEZ, RAYMOND ANTHONY MR.",H8IL04167,H,IL,4,DEM,4322 S. ARTESIAN AVENUE,#1003A,CHICAGO,IL,60632,-,-,4250.00,100.00,4350.00,-,-,-,-,-,-,-,-
227,56205,https://classic.fec.gov/fecviewer/CandidateCommitteeDetail.do?candidateCommitteeId=S8CA00366&tabIndex=1,"SCHRADER, STEPHEN JAMES",S8CA00366,S,CA,0,REP,11150 CITRUS DR #22,#1003A,VENTURA,CA,93004,-,-,-,-,-,-,-,-,-,-,-,-,-
228,7040,https://classic.fec.gov/fecviewer/CandidateCommitteeDetail.do?candidateCommitteeId=H8IN05154&tabIndex=1,"EDOM, JEREMY LEE",H8IN05154,H,IN,5,IND,326 N JACKSON ST,#1003A,SWEETSER,IN,46987,-,-,-,-,-,-,-,-,-,-,-,-,-
229,0,https://classic.fec.gov/fecviewer/CandidateCommitteeDetail.do?candidateCommitteeId=H8IN09073&tabIndex=1,"LEINEWEBER, JASON",H8IN09073,H,IN,9,DEM,3317 HARMONY LANE,#1003A,CHARLESTOWN,IN,47111,-,-,-,-,-,-,-,-,-,-,-,-,-
230,0,https://classic.fec.gov/fecviewer/CandidateCommitteeDetail.do?candidateCommitteeId=H8TX07165&tabIndex=1,"SANCHEZ, IVAN",H8TX07165,H,TX,7,DEM,7510 HORNWOOD DRIVE,#1302,HOUSTON,TX,77036,-,-,56205.00,3464.00,59669.00,100.00,-,1381.97,-,3385.00,-,-,-
231,0,https://classic.fec.gov/fecviewer/CandidateCommitteeDetail.do?candidateCommitteeId=H8NV02111&tabIndex=1,"FOGARTY, PATRICK",H8NV02111,H,NV,2,DEM,561 KEYSTONE #212,#1302,RENO,NV,89503,-,-,7040.00,-,7040.00,-,-,10000.00,-,152000.00,-,-,-
232,0,https://classic.fec.gov/fecviewer/CandidateCommitteeDetail.do?candidateCommitteeId=H8ME01195&tabIndex=1,"STANTON, ERIC",H8ME01195,H,ME,1,REP,43 FIELDSTONE RIDGE DRIVE,#1302,CORNISH,ME,4020,-,-,-,-,-,-,-,-,-,-,-,-,-
233,0,https://classic.fec.gov/fecviewer/CandidateCommitteeDetail.do?candidateCommitteeId=H8NH02242&tabIndex=1,"ODONNELL, JUSTIN",H8NH02242,H,NH,2,LIB,355 MAIN ST,APT 10,NASHUA,NH,3060,-,-,-,-,-,-,-,-,-,-,-,-,-
234,0,https://classic.fec.gov/fecviewer/CandidateCommitteeDetail.do?candidateCommitteeId=S8MN00552&tabIndex=1,"NEWBERGER, JAMES WALLACE",S8MN00552,S,MN,0,REP,14225 BALSAM BLVD,APT 10,BECKER,MN,55308,79.48,-,131900.50,114867.26,246768.76,8200.00,2100.00,1700.00,-,-,-,-,-
235,0,https://classic.fec.gov/fecviewer/CandidateCommitteeDetail.do?candidateCommitteeId=H8NH02259&tabIndex=1,"O'DONNELL, JUSTIN FRANCIS",H8NH02259,H,NH,2,LIB,355 MAIN ST,APT 10,NASHUA,NH,3060,-,-,-,-,-,-,-,-,-,-,-,-,-
236,0,https://classic.fec.gov/fecviewer/CandidateCommitteeDetail.do?candidateCommitteeId=H8OH14129&tabIndex=1,"CARP, EVAN",H8OH14129,H,OH,14,REP,8527 STONE RD,APT 10,INDEPENDENCE,OH,44131,-,-,-,-,-,-,-,-,-,-,-,-,-
237,0,https://classic.fec.gov/fecviewer/CandidateCommitteeDetail.do?candidateCommitteeId=H8SD01063&tabIndex=1,"KREBS, SHANTEL",H8SD01063,H,SD,0,REP,PO BOX 286,APT 10,SIOUX FALLS,SD,57101,26675.27,-,589817.79,60520.00,650337.79,32850.00,-,1686.69,-,-,-,-,291.67
238,0,https://classic.fec.gov/fecviewer/CandidateCommitteeDetail.do?candidateCommitteeId=H8SC04292&tabIndex=1,"BELL, BARRY",H8SC04292,H,SC,4,REP,16149 ASHVEILLE HWY,APT 10,CAMPOBELLO,SC,29322,1307.39,1300.00,1500.00,1120.41,2620.41,-,-,-,-,3000.00,-,-,-
239,0,https://classic.fec.gov/fecviewer/CandidateCommitteeDetail.do?candidateCommitteeId=H8TX19103&tabIndex=1,"EPSTEIN, DANIEL JACOB",H8TX19103,H,TX,19,DEM,3813 35TH ST.,APT 10,LUBBOCK,TX,79413,310.82,-,12061.00,21595.47,33656.47,-,4300.00,1398.11,-,520.00,-,-,-
240,0,https://classic.fec.gov/fecviewer/CandidateCommitteeDetail.do?candidateCommitteeId=H8NY23142&tabIndex=1,"GALLANT, RICK",H8NY23142,H,NY,23,DEM,PO BOX 227,APT 10,PAINTED POST,NY,14870,(5422.08),-,11440.54,9087.20,20527.74,4441.71,-,6800.27,-,12500.00,-,-,-
241,0,https://classic.fec.gov/fecviewer/CandidateCommitteeDetail.do?candidateCommitteeId=H8FL26013&tabIndex=1,"SMITH, STEPHEN ROGER MR.",H8FL26013,H,FL,26,DEM,17460 SW 154TH PL,APT 10,MIAMI,FL,33187,-,-,-,-,-,-,-,-,-,-,-,-,-
242,0,https://classic.fec.gov/fecviewer/CandidateCommitteeDetail.do?candidateCommitteeId=H8TX11092&tabIndex=1,"CASAS, MASON",H8TX11092,H,TX,11,DEM,310 NORTH BAKER ST,APT 10,GRANBURY,TX,76048,414.31,410.00,-,-,-,-,492.72,-,-,410.00,-,-,-
243,0,https://classic.fec.gov/fecviewer/CandidateCommitteeDetail.do?candidateCommitteeId=H8OH11281&tabIndex=1,"BELL, JAMES JEROME MR.",H8OH11281,H,OH,11,IND,11104 WOODSTOCK AVENUE,APT 10,CLEVELAND,OH,44104,-,-,-,-,-,-,-,-,-,-,-,-,-
244,0,https://classic.fec.gov/fecviewer/CandidateCommitteeDetail.do?candidateCommitteeId=H8GA07151&tabIndex=1,"KIM, DAVID",H8GA07151,H,GA,7,DEM,PO BOX 4507,APT 10,SUWANEE,GA,30024,16986.28,475000.00,257811.00,18796.50,276607.50,500.00,-,478388.88,-,736100.00,-,56212.12,-
245,0,https://classic.fec.gov/fecviewer/CandidateCommitteeDetail.do?candidateCommitteeId=H8OR03060&tabIndex=1,"BARNETT, CHARLES RAND",H8OR03060,H,OR,3,DEM,4585 SW JULIA ST,APT 10,PORTLAND,OR,97221,95.74,-,-,-,-,-,-,8648.26,-,-,-,-,-
246,0,https://classic.fec.gov/fecviewer/CandidateCommitteeDetail.do?candidateCommitteeId=H8OR04159&tabIndex=1,"ARCANGEL, DANIEL R",H8OR04159,H,OR,4,DEM,168 ASH CREEK DR E,APT 10,MONMOUTH,OR,97361,167.75,-,-,50.00,50.00,-,-,330.00,-,-,-,-,-
247,0,https://classic.fec.gov/fecviewer/CandidateCommitteeDetail.do?candidateCommitteeId=H8GA07193&tabIndex=1,"HAZEL, SHANE",H8GA07193,H,GA,7,REP,2300 BETHELVIEW RD,#110-183,CUMMING,GA,30040,-,-,35496.63,23879.94,59376.57,100.00,-,-,-,-,-,102.56,-
248,0,https://classic.fec.gov/fecviewer/CandidateCommitteeDetail.do?candidateCommitteeId=H8GA13043&tabIndex=1,"AKINKUGBE, FEMI",H8GA13043,H,GA,13,REP,2300 BETHELVIEW RD,#110-183,STOCKBRIDGE,GA,30040,-,-,-,-,-,-,-,-,-,-,-,-,-
249,0,https://classic.fec.gov/fecviewer/CandidateCommitteeDetail.do?candidateCommitteeId=H8OR05107&tabIndex=1,"SCHRADER, KURT",H8OR05107,H,OR,5,DEM,2525 N BAKER,#110-183,CANBY,OR,97013,2420380.51,-,544533.21,59700.49,604233.70,1463905.69,16.33,-,-,-,-,10636.44,1746.30
250,0,https://classic.fec.gov/fecviewer/CandidateCommitteeDetail.do?candidateCommitteeId=H8PA01245&tabIndex=1,"LAWRENCE, MICHELE",H8PA01245,H,PA,2,DEM,2553 E NORRIS ST,#110-183,PHILADELPHIA,PA,19125,39530.15,331440.66,19350.00,6832.00,26182.09,1000.00,-,-,-,312000.00,-,-,5.40
251,0,https://classic.fec.gov/fecviewer/CandidateCommitteeDetail.do?candidateCommitteeId=H8WA08114&tabIndex=1,"AHN, POGA",H8WA08114,H,WA,8,DEM,PO BOX 9100,#110-183,SEATTLE,WA,98109,-,-,-,893.80,893.80,-,-,3010.49,-,-,-,-,-
252,0,https://classic.fec.gov/fecviewer/CandidateCommitteeDetail.do?candidateCommitteeId=H8IL16112&tabIndex=1,"MARSHALL, ZANE EDWARD",H8IL16112,H,IL,16,REP,418 SOUTH FIRST ST APT F,#110-183,ROCKFORD,IL,61104,-,-,-,-,-,-,-,-,-,-,-,-,-
253,0,https://classic.fec.gov/fecviewer/CandidateCommitteeDetail.do?candidateCommitteeId=S8CA00341&tabIndex=1,"HODGE, CHARLES JUNIOR",S8CA00341,S,CA,0,IND,2351 WYDA WAY APART 1115,#110-183,SACRAMENTO,CA,95825,-,-,-,-,-,-,-,-,-,-,-,-,-
254,0,https://classic.fec.gov/fecviewer/CandidateCommitteeDetail.do?candidateCommitteeId=H8OH01126&tabIndex=1,"SETA, ANTHONY J.",H8OH01126,H,OH,1,GRE,"8041 PIPPIN ROAD, #2",#110-183,CINCINNATI,OH,45239,-,-,-,-,-,-,-,-,-,-,-,-,-
255,0,https://classic.fec.gov/fecviewer/CandidateCommitteeDetail.do?candidateCommitteeId=H8OH11323&tabIndex=1,"ROSS, FELICIA WASHINGTON",H8OH11323,H,OH,11,DEM,97 E INTERSTATE STREET,#110-183,BEDFORD,OH,44146,-,-,-,-,-,-,-,-,-,-,-,-,-
256,0,https://classic.fec.gov/fecviewer/CandidateCommitteeDetail.do?candidateCommitteeId=H8TX08072&tabIndex=1,"RICKER, SEAN STEWARD",H8TX08072,H,TX,8,REP,PO BOX 294,#110-183,PINEHURST,TX,77362,-,-,-,-,-,-,-,-,-,-,-,-,-
257,0,https://classic.fec.gov/fecviewer/CandidateCommitteeDetail.do?candidateCommitteeId=H8UT01109&tabIndex=1,"BUCHMAN, JOSEPH GEDDES",H8UT01109,H,UT,3,LIB,584 HILLSIDE CIRCLE,#110-183,ALPINE,UT,84004,-,-,-,-,-,-,-,-,-,-,-,-,-
258,0,https://classic.fec.gov/fecviewer/CandidateCommitteeDetail.do?candidateCommitteeId=H8VA05114&tabIndex=1,"HUFFSTETLER, ROGER DEAN RD",H8VA05114,H,VA,5,DEM,PO BOX 1101,#110-183,CHARLOTTESVILLE,VA,22902,7178.70,-,866792.45,86237.55,953030.00,38250.00,-,-,146608.46,-,-,2545.72,-
259,0,https://classic.fec.gov/fecviewer/CandidateCommitteeDetail.do?candidateCommitteeId=S8NJ00442&tabIndex=1,"USMAN, MUHAMMAD",S8NJ00442,S,NJ,0,IND,4 PLEASENTVIEW DRIVE,#110-183,PISCATAWAY,NJ,8854,-,-,-,-,-,-,-,-,-,-,-,-,-
260,0,https://classic.fec.gov/fecviewer/CandidateCommitteeDetail.do?candidateCommitteeId=S8TX00327&tabIndex=1,"HERNANDEZ, IRASEMA RAMIREZ",S8TX00327,S,TX,0,DEM,609 HERON LANE,#110-183,PASADENA,TX,77502,-,-,-,-,-,-,-,-,-,-,-,-,-
261,0,https://classic.fec.gov/fecviewer/CandidateCommitteeDetail.do?candidateCommitteeId=S8VT00117&tabIndex=1,"ADELUOLA, FOLASADE",S8VT00117,S,VT,0,DEM,4393 W LAKE POTOMAC VIEW G,#110-183,GREENFIELD,IN,46140,-,-,-,-,-,-,-,-,-,-,-,-,-
262,0,https://classic.fec.gov/fecviewer/CandidateCommitteeDetail.do?candidateCommitteeId=H8UT03055&tabIndex=1,"FRIEDBAUM, JEREMY",H8UT03055,H,UT,3,REP,1072 WEST 1100 NORTH,#110-183,PROVO,UT,84604,-,-,-,-,-,-,-,-,-,-,-,-,-
263,0,https://classic.fec.gov/fecviewer/CandidateCommitteeDetail.do?candidateCommitteeId=H8UT03204&tabIndex=1,"JAVED, FAEIZA",H8UT03204,H,UT,3,DEM,5313 SOUTH COBBLE CREEK ROAD,APT 27E,MURRAY,UT,84117,-,-,-,-,-,-,-,-,-,-,-,-,-
264,0,https://classic.fec.gov/fecviewer/CandidateCommitteeDetail.do?candidateCommitteeId=H8UT03212&tabIndex=1,"ALDRICH, DEBORAH",H8UT03212,H,UT,3,REP,734 EREKSON COURT,APT 27E,MURRAY,UT,84107,-,-,-,-,-,-,-,-,-,-,-,-,-
265,0,https://classic.fec.gov/fecviewer/CandidateCommitteeDetail.do?candidateCommitteeId=H8UT03220&tabIndex=1,"COTTAM, BRINGHAM RHEAD",H8UT03220,H,UT,3,REP,3710 S PEACH STREET,APT 27E,SALT LAKE CITY,UT,84109,-,-,-,-,-,-,-,-,-,-,-,-,-
266,0,https://classic.fec.gov/fecviewer/CandidateCommitteeDetail.do?candidateCommitteeId=H8UT03246&tabIndex=1,"FIFE, PAUL DAVID",H8UT03246,H,UT,3,REP,474 SOUTH 300 WEST,APT 27E,PROVO,UT,84601,-,-,-,-,-,-,-,-,-,-,-,-,-
267,0,https://classic.fec.gov/fecviewer/CandidateCommitteeDetail.do?candidateCommitteeId=H8UT03279&tabIndex=1,"KUDER, KEITH",H8UT03279,H,UT,3,REP,77 EAST 460 NORTH,APT 27E,VINEYARD,UT,84058,-,-,-,-,-,-,-,-,-,-,-,-,-
268,0,https://classic.fec.gov/fecviewer/CandidateCommitteeDetail.do?candidateCommitteeId=H8UT03303&tabIndex=1,"ROW, SHANE HORTON",H8UT03303,H,UT,3,REP,229 EAST HILL AVE APT 1,APT 27E,SALT LAKE CITY,UT,84107,-,-,-,-,-,-,-,-,-,-,-,-,-
269,0,https://classic.fec.gov/fecviewer/CandidateCommitteeDetail.do?candidateCommitteeId=H8UT03311&tabIndex=1,"CHRISTENSEN, JASON",H8UT03311,H,UT,3,OTH,941 SOUTH STATE STREET,APT 27E,PROVO,UT,84606,-,-,-,-,-,-,-,-,-,-,-,-,-
270,0,https://classic.fec.gov/fecviewer/CandidateCommitteeDetail.do?candidateCommitteeId=H8MD01177&tabIndex=1,"GALBRAITH, ALLISON MS.",H8MD01177,H,MD,1,DEM,PO BOX 25,APT 27E,FALLSTON,MD,21047,319.98,350.00,33834.61,76231.05,110065.66,-,-,102.00,-,350.00,-,-,-
271,0,https://classic.fec.gov/fecviewer/CandidateCommitteeDetail.do?candidateCommitteeId=H8NY27176&tabIndex=1,"MCMURRAY, NATHAN DOUGLAS",H8NY27176,H,NY,27,DEM,1041 FOXCROFT,APT 27E,GRAND ISLAND,NY,14072,11577.01,18000.00,630424.39,494957.19,1125381.58,146565.00,-,250.00,-,18000.00,-,411.18,13669.04
