Donor_Id,Decimal_Values,Link_Image,Cand_Name,Cand_Id,Cand_Office,Cand_Office_St,Cand_Office_Dist,Cand_Party_Affiliation,Cand_Street_1,Cand_Street_2,Cand_City,Cand_State,Cand_Zip, funding1 , fund2 , donations3 , gifts4 , donat5 , transac6 , grants7 , money8 , gift9 , gift10 , funding11 , donations12 , donations13 
1,161321.5,https://classic.fec.gov/fecviewer/CandidateCommitteeDetail.do?candidateCommitteeId=H8TX05052&tabIndex=1,"ASHBY, KEN",H8TX05052,H,TX,4,LIB,11837 LOCHWOOD BOULEVARD,,DALLAS,TX,75218, $-   , $-   , $-   , $-   , $-   , $-   , $-   , $-   , $-   , $-   , $-   , $-   , $-   
2,0.0,https://classic.fec.gov/fecviewer/CandidateCommitteeDetail.do?candidateCommitteeId=S6OH00288&tabIndex=1,,S6OH00288,S,OH,0,REP,",",,",",OH,43119, $-   , $-   , $-   , $-   , $-   , $-   , $-   , $-   , $-   , $-   , $-   , $-   , $-   
3,0.0,https://classic.fec.gov/fecviewer/CandidateCommitteeDetail.do?candidateCommitteeId=S8CA00499&tabIndex=1,"ZIESING, MICHAEL VINCENT",S8CA00499,S,CA,0,GRE,1220 ALOHA ST,,RED BLUFF,CA,96080, $-   , $-   , $-   , $-   , $-   , $-   , $-   , $-   , $-   , $-   , $-   , $-   , $-   
4,481.2,https://classic.fec.gov/fecviewer/CandidateCommitteeDetail.do?candidateCommitteeId=H6NJ13191&tabIndex=1,"SIRES, ALBIO",H6NJ13191,H,NJ,8,DEM,6050 BOULEVARD EAST,APT 6B,WEST NEW YORK,NJ,7093," $158,849.09 ", $-   ," $161,321.54 "," $1,848.84 "," $163,170.38 "," $296,686.67 ", $-   , $-   , $-   , $-   , $-   , $-   , $251.52 
5,8831.1,https://classic.fec.gov/fecviewer/CandidateCommitteeDetail.do?candidateCommitteeId=H6MI03172&tabIndex=1,"SMITH, DOUGLAS MARK MR. JR.",,H,MI,3,IND,,,BELMONT,MI,49306, $-   , $-   , $-   , $-   , $-   , $-   , $-   , $-   , $-   , $-   , $-   , $-   , $-   
6,2311197.0,https://classic.fec.gov/fecviewer/CandidateCommitteeDetail.do?candidateCommitteeId=H4CA42078&tabIndex=1,"ROBERTS, BOYD LACHLAN",H4CA42078,H,CA,48,DEM,668 N COAST HIGHWAY #199,,LAGUNA BEACH,CA,92651, $-   , $-   , $-   , $-   , $-   , $-   , $-   , $-   , $-   , $-   , $-   , $-   , $-   
7,6425.0,https://classic.fec.gov/fecviewer/CandidateCommitteeDetail.do?candidateCommitteeId=H8NJ07207&tabIndex=1,"BROWN, LINDSAY CHRISTINE MRS.",H8NJ07207,H,NJ,7,REP,352 WEST LN,,CLARK,NJ,7066," $(2,992.44)", $-   , $481.21 ," $3,883.85 "," $4,365.06 ", $-   , $-   , $-   , $-   , $-   , $-   , $-   , $-   
8,3350.0,https://classic.fec.gov/fecviewer/CandidateCommitteeDetail.do?candidateCommitteeId=H8IL18092&tabIndex=1,"DETERS, BRIAN",H8IL18092,H,IL,18,DEM,1806 GREENFIELD DR,,,IL,61550, $812.77 , $-   ," $8,831.10 "," $10,735.39 "," $19,566.49 ", $200.00 , $-   , $816.60 , $-   , $-   , $-   , $-   , $-   
9,104999.0,https://classic.fec.gov/fecviewer/CandidateCommitteeDetail.do?candidateCommitteeId=H8KS02173&tabIndex=1,"DAVIS, PAUL T.",,H,,2,DEM,,,LAWRENCE,KS,66044," $31,166.41 "," $17,775.80 "," $2,311,197.01 "," $672,129.40 "," $2,983,326.41 "," $550,232.50 "," $5,150.00 "," $8,355.60 "," $418,693.57 ", $-   , $-   ," $19,644.48 ", $-   
10,1157454.0,https://classic.fec.gov/fecviewer/CandidateCommitteeDetail.do?candidateCommitteeId=H8MO02232&tabIndex=1,"MESSMER, JOHN P.",H8MO02232,H,MO,2,DEM,10267 BUFFTON DR.,,ST. LOUIS,MO,63123, $288.19 ," $4,479.00 "," $6,425.00 "," $3,658.00 "," $10,083.00 ", $-   , $-   , $175.00 , $-   ," $4,399.22 ", $-   , $-   , $-   
11,143793.1,https://classic.fec.gov/fecviewer/CandidateCommitteeDetail.do?candidateCommitteeId=H8MO06134&tabIndex=1,"ANDRES, EDWARD H",H8MO06134,H,MO,6,DEM,2323 NW PARKWAY,,ST. JOSEPH,MO,64503, $-   , $-   ," $3,350.00 "," $1,516.00 "," $4,866.00 ", $-   , $-   ," $7,500.00 ", $-   , $-   , $-   , $4.00 ," $1,000.00 "
12,0.0,https://classic.fec.gov/fecviewer/CandidateCommitteeDetail.do?candidateCommitteeId=S8CT00113&tabIndex=1,"RAPINI, DOMINIC",S8CT00113,S,CT,0,,PO BOX 781,,FAIRFIELD,CT,6824," $46,631.07 "," $30,000.00 "," $104,999.00 "," $17,132.00 "," $122,131.00 ", $-   , $-   , $-   , $-   ," $75,991.57 ", $-   , $-   , $-   
13,0.0,https://classic.fec.gov/fecviewer/CandidateCommitteeDetail.do?candidateCommitteeId=S8DE00079&tabIndex=1,"CARPER, THOMAS R",S8DE00079,S,DE,0,DEM,600 WEST MATSON RUN PARKWAY,,WILMINGTON,DE,19802," $360,641.86 ", $-   ," $1,157,454.00 "," $103,121.33 "," $1,260,577.33 "," $1,896,543.64 ", $-   , $-   ," $15,497.16 ", $-   , $-   ," $63,180.93 "," $1,154.22 "
14,0.0,https://classic.fec.gov/fecviewer/CandidateCommitteeDetail.do?candidateCommitteeId=H8KS04161&tabIndex=1,"COBB, ALAN EARL",H8KS04161,H,KS,4,REP,P.O. BOX 354,,WICHITA,KS,67201, $-   , $-   ," $143,793.13 "," $3,279.00 "," $147,072.13 ", $-   , $-   , $-   , $-   , $-   , $-   , $597.48 ," $2,700.00 "
15,1874606.6,https://classic.fec.gov/fecviewer/CandidateCommitteeDetail.do?candidateCommitteeId=H4IL18117&tabIndex=1,,H4IL18117,H,IL,18,DEM,18636 NORTH 500 EAST ROAD ,,DANVERS,IL,61732, $-   , $-   , $-   , $-   , $-   , $-   , $-   , $-   , $-   , $-   , $-   , $-   , $-   
16,12568.0,https://classic.fec.gov/fecviewer/CandidateCommitteeDetail.do?candidateCommitteeId=H8AL07089&tabIndex=1,"RICE, RICHARD BRAND NEW",H8AL07089,H,AL,7,DEM,714 S. GAY STREET,SUITE 201,KNOXVILLE,TN,37902, $-   , $-   , $-   , $-   , $-   , $-   , $-   , $-   , $-   , $-   , $-   , $-   , $-   
17,36705.0,https://classic.fec.gov/fecviewer/CandidateCommitteeDetail.do?candidateCommitteeId=H8SD01089&tabIndex=1,"TERRELL, ERIC BRAND NEW",H8SD01089,H,SD,0,REP,714 S. GAY STREET,,KNOXVILLE,TN,37902, $-   , $-   , $-   , $-   , $-   , $-   , $-   , $-   , $-   , $-   , $-   , $-   , $-   
18,217.3,https://classic.fec.gov/fecviewer/CandidateCommitteeDetail.do?candidateCommitteeId=H8FL16055&tabIndex=1,"SHAPIRO, M. DAVID",H8FL16055,H,FL,16,DEM,5212 SIESTA COVE DRIVE,,SARASOTA,FL,34242," $2,233.63 "," $155,000.00 "," $1,874,606.59 "," $291,707.37 "," $2,166,313.96 "," $133,873.04 "," $5,000.00 "," $10,200.00 "," $15,700.00 "," $200,000.00 ", $-   ," $87,462.15 ", $-   
19,0.0,https://classic.fec.gov/fecviewer/CandidateCommitteeDetail.do?candidateCommitteeId=H8MI13318&tabIndex=1,"YOUNG, COLEMAN ALEXANDER MR. II",H8MI13318,H,MI,13,DEM,1495 SHERIDAN,,DETROIT,MI,48214, $-   ," $1,316.21 "," $12,568.00 "," $2,954.60 "," $15,522.60 ", $-   , $-   , $-   , $-   ," $39,802.00 ", $-   , $-   , $500.00 
20,1000.0,https://classic.fec.gov/fecviewer/CandidateCommitteeDetail.do?candidateCommitteeId=H8MN01253&tabIndex=1,"JENSEN, VICKI",H8MN01253,H,MN,1,DEM,P.O. BOX 346,,OWATONNA,MN,55060, $325.28 , $-   ," $36,705.00 "," $29,650.55 "," $66,355.55 "," $2,536.00 ", $-   ," $1,425.00 ", $-   , $-   ," $2,500.00 ", $-   , $-   
21,0.0,https://classic.fec.gov/fecviewer/CandidateCommitteeDetail.do?candidateCommitteeId=H8MT01257&tabIndex=1,"SWANSON, ELINOR",H8MT01257,H,MT,0,LIB,1800 43RD ST. W.,,BILLINGS,MT,59106," $14,817.43 "," $15,077.83 ", $217.32 ," $2,830.78 "," $3,048.10 ", $-   , $-   , $-   , $-   ," $9,713.59 ", $-   , $-   , $-   
22,0.0,https://classic.fec.gov/fecviewer/CandidateCommitteeDetail.do?candidateCommitteeId=H8NJ06159&tabIndex=1,"CHILLARA, SRIDHAR",H8NJ06159,H,NJ,6,REP,24 BOICE LANE,,BELLE MEAD,NJ,8502, $-   , $-   , $-   , $-   , $-   , $-   , $-   , $-   , $-   , $-   , $-   , $-   , $-   
23,55885.0,https://classic.fec.gov/fecviewer/CandidateCommitteeDetail.do?candidateCommitteeId=H6CA51082&tabIndex=1,"MERCADO, JUAN",H6CA51082,H,CA,51,NNE,,UNIT 8,EL CAJON,CA,92021," $1,000.00 ", $-   ," $1,000.00 ", $4.62 ," $1,004.62 ", $-   , $-   ," $10,500.00 ", $-   ," $8,500.00 ", $-   , $-   , $-   
24,1647768.1,https://classic.fec.gov/fecviewer/CandidateCommitteeDetail.do?candidateCommitteeId=H8WI05132&tabIndex=1,,H8WI05132,H,WI,5,DEM,500 LINCOLN AVENUE,APARTMENT 3,,WI,53186, $-   , $-   , $-   , $-   , $-   , $-   , $-   , $-   , $-   , $-   , $-   , $-   , $-   
25,431505.1,https://classic.fec.gov/fecviewer/CandidateCommitteeDetail.do?candidateCommitteeId=H8AK01015&tabIndex=1,"FITCH, GREGORY FITCH MR",H8AK01015,H,AK,0,NPA,9000 STEPHEN RICHARDS MEMORIAL DR.,,JUNEAU,AK,99801, $-   , $-   , $-   , $-   , $-   , $-   , $-   , $-   , $-   , $-   , $-   , $-   , $-   
26,239942.7,https://classic.fec.gov/fecviewer/CandidateCommitteeDetail.do?candidateCommitteeId=H8TX24111&tabIndex=1,"BIGGAN, JOHN",H8TX24111,H,TX,24,DEM,PO BOX 187,,HURST,TX,76053, $-   , $-   ," $55,885.00 "," $7,443.00 "," $63,328.00 ", $-   ," $4,000.00 "," $12,736.64 ", $-   ," $6,500.00 ", $-   , $-   , $-   
27,296755.6,https://classic.fec.gov/fecviewer/CandidateCommitteeDetail.do?candidateCommitteeId=H0WI07051&tabIndex=1,"DUFFY, SEAN",H0WI07051,H,WI,7,REP,,,WAUSAU,WI,544020538," $1,787,473.59 ", $-   ," $1,647,768.12 "," $233,997.23 "," $1,881,765.35 "," $1,447,650.00 ", $100.00 , $-   ," $308,143.85 ", $-   , $-   ," $3,007.53 "," $9,961.72 "
28,862.7,https://classic.fec.gov/fecviewer/CandidateCommitteeDetail.do?candidateCommitteeId=H0WV01072&tabIndex=1,"MCKINLEY, DAVID B. MR.",H0WV01072,H,WV,1,REP,147 BETHANY PIKE,,WHEELING,WV,26003," $386,465.14 "," $315,000.00 "," $431,505.14 "," $19,981.00 "," $451,486.14 "," $874,350.00 ", $750.00 , $-   , $-   , $-   , $-   , $-   , $-   
29,383205.2,https://classic.fec.gov/fecviewer/CandidateCommitteeDetail.do?candidateCommitteeId=H2AZ07070&tabIndex=1,"GRIJALVA, RAUL M",H2AZ07070,H,AZ,3,DEM,PO BOX 1242,,TUCSON,AZ,85702," $38,155.74 "," $4,015.59 "," $239,942.68 "," $181,765.16 "," $421,707.84 "," $283,500.00 ", $-   , $-   ," $4,440.43 ", $-   , $-   ," $3,489.91 ", $167.64 
30,219913.3,https://classic.fec.gov/fecviewer/CandidateCommitteeDetail.do?candidateCommitteeId=H2CA08164&tabIndex=1,"COOK, PAUL",H2CA08164,H,CA,8,REP,PO BOX 365,,YUCCA VALLEY,CA,92284," $140,257.11 ", $-   ," $296,755.63 "," $10,979.78 "," $307,735.41 "," $650,349.00 ", $-   , $-   ," $12,862.53 ", $-   , $-   ," $7,117.00 ", $405.25 
31,427197.8,https://classic.fec.gov/fecviewer/CandidateCommitteeDetail.do?candidateCommitteeId=H8TX29060&tabIndex=1,"VALENCIA, PEDRO",H8TX29060,H,TX,29,DEM,14360 BELLAIRE BLVD,SUITE 120,HOUSTON,TX,77083, $31.89 ," $1,458.47 ", $862.69 ," $1,710.66 "," $2,573.35 ", $-   , $-   , $-   , $-   ," $3,025.00 ", $-   , $-   , $-   
32,63352.0,https://classic.fec.gov/fecviewer/CandidateCommitteeDetail.do?candidateCommitteeId=H2CT02112&tabIndex=1,"COURTNEY, JOSEPH D",H2CT02112,H,CT,,DEM,9 TOBIAS COURT,,VERNON,CT,6066," $750,441.24 ", $-   ," $383,205.21 "," $108,464.47 "," $491,669.68 "," $646,325.00 ", $-   , $-   ," $9,923.55 ", $-   , $-   ," $3,224.63 "," $5,176.05 "
33,0.0,https://classic.fec.gov/fecviewer/CandidateCommitteeDetail.do?candidateCommitteeId=H2FL08063&tabIndex=1,"DEMINGS, VALDEZ VAL",H2FL08063,H,FL,10,DEM,PO BOX 536926,,ORLANDO,FL,32853," $86,394.90 "," $10,790.44 "," $219,913.31 "," $26,176.75 "," $246,090.06 "," $588,577.09 ", $-   , $-   , $-   , $-   , $-   ," $3,684.85 ", $462.13 
34,0.0,https://classic.fec.gov/fecviewer/CandidateCommitteeDetail.do?candidateCommitteeId=H2FL14053&tabIndex=1,"FRANKEL, LOIS J.",H2FL14053,H,FL,21,DEM,PO BOX 812421,,BOCA RATON,FL,33481," $967,075.88 ", $-   ," $427,197.83 "," $67,404.61 "," $494,602.44 "," $477,829.14 ", $37.73 , $-   , $-   , $-   , $-   ," $2,428.28 "," $8,436.32 "
35,40990.9,https://classic.fec.gov/fecviewer/CandidateCommitteeDetail.do?candidateCommitteeId=H8MN05247&tabIndex=1,"TORRES RAY, PATRICIA",H8MN05247,H,MN,5,DEM,P.O. BOX 6428,,MINNEAPOLIS,MN,55406," $3,430.08 ", $-   ," $63,352.00 "," $26,669.00 "," $90,021.00 "," $5,000.00 ", $-   ," $1,949.51 ", $-   , $-   , $-   , $-   , $-   
36,2700.0,https://classic.fec.gov/fecviewer/CandidateCommitteeDetail.do?candidateCommitteeId=H8AZ08208&tabIndex=1,"SAWDY, STEVEN",H8AZ08208,H,AZ,8,REP,4313 W YORKSHIRE DR,,GLENDALE,AZ,85308, $574.00 , $-   , $-   , $-   , $-   , $-   , $-   ," $1,000.00 ", $-   , $-   , $-   , $-   , $-   
37,2450.0,https://classic.fec.gov/fecviewer/CandidateCommitteeDetail.do?candidateCommitteeId=H8GA08118&tabIndex=1,"COOPER, JAMES L III",H8GA08118,H,GA,8,GRE,3388 CAUSEY RD,,LIZELLA,GA,31052, $-   , $-   , $-   , $-   , $-   , $-   , $-   , $-   , $-   , $-   , $-   , $-   , $-   
38,8000.0,https://classic.fec.gov/fecviewer/CandidateCommitteeDetail.do?candidateCommitteeId=H8WA03172&tabIndex=1,"GASQUE, DOROTHY",H8WA03172,H,WA,3,DEM,712 NW 72ND ST,,VANCOUVER,WA,98665," $22,533.15 ", $-   ," $40,990.94 "," $44,321.15 "," $85,312.09 ", $311.50 , $-   , $-   , $-   , $-   , $-   , $-   ," $3,373.14 "
39,435096.6,https://classic.fec.gov/fecviewer/CandidateCommitteeDetail.do?candidateCommitteeId=H8CA10134&tabIndex=1,"BATTISTA, LISA",H8CA10134,H,CA,10,DEM,3430 TULLY ROAD,SUITE 20-441,MODESTO,CA,95350," $5,187.73 ", $524.79 ," $2,700.00 "," $3,803.58 "," $6,503.58 ", $-   , $-   , $-   , $-   , $524.79 , $-   , $-   , $-   
40,369992.7,https://classic.fec.gov/fecviewer/CandidateCommitteeDetail.do?candidateCommitteeId=H8LA03086&tabIndex=1,"THOMAS, VERONE A MR",H8LA03086,H,LA,3,DEM,2412 KATHERINE STREET,,LAKE CHARLES,LA,70601, $27.71 , $-   ," $2,450.00 ", $550.00 ," $3,000.00 ", $-   , $-   , $-   , $-   , $-   , $-   , $-   , $-   
41,449390.3,https://classic.fec.gov/fecviewer/CandidateCommitteeDetail.do?candidateCommitteeId=H8SC05216&tabIndex=1,"MURPHY, LES",H8SC05216,H,SC,5,DEM,9789 CHARLOTTE HWY 400-137,,FORT MILL,SC,29707," $5,135.83 ", $-   ," $8,000.00 ", $305.00 ," $8,305.00 ", $-   , $655.00 , $-   , $-   , $-   , $-   , $-   , $-   
42,476102.2,https://classic.fec.gov/fecviewer/CandidateCommitteeDetail.do?candidateCommitteeId=H2IA05072&tabIndex=1,"KING, STEVE MR.",H2IA05072,H,IA,4,REP,3897 ESTHER AVENUE,,KIRON,IA,514488003," $26,220.50 ", $-   ," $435,096.61 "," $199,044.75 "," $634,141.36 "," $234,243.00 "," $4,250.00 ", $-   , $-   , $-   , $-   , $224.64 ," $3,370.78 "
43,1031789.6,https://classic.fec.gov/fecviewer/CandidateCommitteeDetail.do?candidateCommitteeId=H6PA16296&tabIndex=1,"HARTMAN, CHRISTINA M",H6PA16296,H,PA,10,DEM,PO BOX 1576,,LANCASTER,PA,17608," $25,229.65 "," $17,000.00 "," $369,992.66 "," $80,863.77 "," $450,856.43 "," $68,800.00 ", $149.00 , $-   ," $4,156.07 ", $-   ," $12,000.00 "," $12,830.59 ", $-   
44,68685.0,https://classic.fec.gov/fecviewer/CandidateCommitteeDetail.do?candidateCommitteeId=H2GA09150&tabIndex=1,"COLLINS, DOUGLAS ALLEN",H2GA09150,H,GA,9,REP,4833 T. MARTIN RD.,,GAINESVILLE,GA,30506," $853,081.48 ", $-   ," $449,390.31 "," $44,052.04 "," $493,442.35 "," $909,300.00 ", $663.98 , $-   ," $9,573.58 ", $-   , $-   ," $2,157.11 ", $-   
45,0.0,https://classic.fec.gov/fecviewer/CandidateCommitteeDetail.do?candidateCommitteeId=H6PA16320&tabIndex=1,"SMUCKER, LLOYD K.",H6PA16320,H,PA,11,REP,248 STEEL WAY,PO BOX 7066,LANCASTER,PA,17601," $10,160.89 "," $119,265.85 "," $476,102.20 "," $18,408.00 "," $494,510.20 "," $980,934.85 "," $6,500.00 ", $-   ," $386,486.54 ", $-   , $-   , $23.27 , $-   
46,4000.0,https://classic.fec.gov/fecviewer/CandidateCommitteeDetail.do?candidateCommitteeId=H2IA01055&tabIndex=1,"BLUM, RODNEY",H2IA01055,H,IA,1,REP,11361 OAKLAND FARMS ROAD,,DUBUQUE,IA,52003," $87,651.40 "," $114,119.00 "," $1,031,789.55 "," $342,491.76 "," $1,374,281.31 "," $611,371.89 ", $-   ," $1,246.68 "," $327,829.94 "," $500,000.00 ", $-   , $232.20 , $-   
47,0.0,https://classic.fec.gov/fecviewer/CandidateCommitteeDetail.do?candidateCommitteeId=H8MT01224&tabIndex=1,"MOSS, LYNDA BOURQUE",H8MT01224,H,MT,0,DEM,552 HIGHLAND PARK DRIVE,2320 3RD AVENUE NORTH,BILLINGS,MT,59102, $-   ," $5,954.42 "," $68,685.00 "," $20,127.00 "," $88,812.00 ", $-   , $-   , $-   , $-   ," $19,497.85 ", $-   , $-   , $96.00 
48,13138.6,https://classic.fec.gov/fecviewer/CandidateCommitteeDetail.do?candidateCommitteeId=H8PA18249&tabIndex=1,"ORTITAY, JASON A",H8PA18249,H,PA,18,REP,220 MAPLE RIDGE DRIVE,,CANONSBURG,PA,15317, $-   , $-   , $-   , $-   , $-   , $-   , $-   ," $1,545.00 ", $-   , $-   , $-   , $-   , $-   
49,0.0,https://classic.fec.gov/fecviewer/CandidateCommitteeDetail.do?candidateCommitteeId=H8SC05257&tabIndex=1,"LOUGH, STEPHEN HARRISON",H8SC05257,H,SC,5,DEM,1809 BROOK DRIVE,,CAMDEN,SC,29020," $5,655.84 ", $613.69 ," $4,000.00 "," $2,025.00 "," $6,025.00 ", $250.00 , $-   ," $5,454.38 ", $-   ," $3,292.98 ", $-   , $-   , $-   
50,1540.0,https://classic.fec.gov/fecviewer/CandidateCommitteeDetail.do?candidateCommitteeId=H8CA22188&tabIndex=1,"MERRYMAN, WILLIAM 'BILL'",H8CA22188,H,CA,22,LIB,PO BOX 2422,,CLOVIS,CA,93613, $-   , $-   , $-   , $-   , $-   , $-   , $-   , $-   , $-   , $-   , $-   , $-   , $-   
51,0.0,https://classic.fec.gov/fecviewer/CandidateCommitteeDetail.do?candidateCommitteeId=H8PA09081&tabIndex=1,"QUICK, LAURA",H8PA09081,H,PA,9,DEM,PO BOX 193,,CAMPBELLTOWN,PA,17010, $-   ," $1,841.37 "," $13,138.57 "," $1,927.85 "," $15,066.42 "," $6,740.00 ", $-   ," $1,300.00 ", $-   ," $1,200.00 ", $-   , $-   , $-   
52,0.0,https://classic.fec.gov/fecviewer/CandidateCommitteeDetail.do?candidateCommitteeId=H8CA09151&tabIndex=1,"TSARNAS, MIKE",H8CA09151,H,CA,9,OTH,PO BOX 1480,,WOODBRIDGE,CA,95258, $-   , $-   , $-   , $-   , $-   , $-   , $-   , $-   , $-   , $-   , $-   , $-   , $-   
53,21610.0,https://classic.fec.gov/fecviewer/CandidateCommitteeDetail.do?candidateCommitteeId=H6RI02284&tabIndex=1,"CAIOZZO, SALVATORE",H6RI02284,H,RI,2,REP,340A ROBIN HOLLOW RD,,WEST GREENWICH,RI,2817," $1,371.00 "," $1,000.00 "," $1,540.00 ", $320.00 ," $1,860.00 ", $-   , $-   , $-   , $-   ," $3,100.00 ", $-   , $-   , $-   
54,3500.0,https://classic.fec.gov/fecviewer/CandidateCommitteeDetail.do?candidateCommitteeId=H8CA08104&tabIndex=1,"BROWN, YOLANDA",H8CA08104,H,CA,8,DEM,525 E. SEASIDE WAY,SUITE 101-C,LONG BEACH,CA,90802, $-   , $-   , $-   , $-   , $-   , $-   , $-   , $-   , $-   , $-   , $-   , $-   , $-   
55,0.0,https://classic.fec.gov/fecviewer/CandidateCommitteeDetail.do?candidateCommitteeId=H2IL01182&tabIndex=1,"TILLMAN, JIMMY LEE",H2IL01182,H,IL,1,REP,7420 SOUTH VERNON,,CHICAGO ,IL,60643, $-   , $-   , $-   , $-   , $-   , $-   , $-   , $-   , $-   , $-   , $-   , $-   , $-   
56,586068.7,https://classic.fec.gov/fecviewer/CandidateCommitteeDetail.do?candidateCommitteeId=S8TN00360&tabIndex=1,"TOYOS, ROLANDO",S8TN00360,S,TN,0,REP,6205 MAPLETON COURT,,BRENTWOOD,TN,37027, $-   , $-   ," $21,610.00 "," $6,171.00 "," $27,781.00 ", $-   , $-   ," $19,729.00 ", $-   , $-   , $-   , $-   , $1.80 
57,1471750.0,https://classic.fec.gov/fecviewer/CandidateCommitteeDetail.do?candidateCommitteeId=H6TN09431&tabIndex=1,"MANTANONA, NICHOLAS BRENT MR.",H6TN09431,H,TN,9,IND,1830 WALKER AVENUE,,MEMPHIS,TN,38114, $-   , $-   ," $3,500.00 ", $-   ," $3,500.00 ", $-   , $-   , $-   , $-   , $-   , $-   , $-   , $-   
58,1230319.0,https://classic.fec.gov/fecviewer/CandidateCommitteeDetail.do?candidateCommitteeId=S8NY00199&tabIndex=1,"HAHN, PATRICK JOHN",S8NY00199,S,NY,0,REP,218 BERNSTEIN BLVD,,CENTER MORICHES,NY,11934," $4,441.00 ", $-   , $-   , $-   , $150.00 , $-   , $-   ," $4,850.00 ", $-   ," $4,850.00 ", $-   , $-   , $-   
59,597718.5,https://classic.fec.gov/fecviewer/CandidateCommitteeDetail.do?candidateCommitteeId=H6TX02079&tabIndex=1,"BABIN, BRIAN",H6TX02079,H,TX,36,REP,PO BOX 159,,WOODVILLE,TX,75979," $736,915.47 ", $-   ," $586,068.68 "," $35,509.50 "," $621,578.18 "," $557,105.00 ", $-   , $-   , $-   , $-   , $-   ," $4,347.72 ", $-   
60,31025.0,https://classic.fec.gov/fecviewer/CandidateCommitteeDetail.do?candidateCommitteeId=H6TX08100&tabIndex=1,"BRADY, KEVIN",H6TX08100,H,TX,8,REP,PO BOX 8277,,THE WOODLANDS,TX,773878277," $722,637.18 ", $-   ," $1,471,750.00 "," $24,089.00 "," $1,495,839.00 "," $3,062,477.24 ", $-   , $-   ," $709,886.66 ", $-   , $-   ," $6,596.45 ", $372.01 
61,712758.0,https://classic.fec.gov/fecviewer/CandidateCommitteeDetail.do?candidateCommitteeId=H6TX12060&tabIndex=1,"GRANGER, KAY",H6TX12060,H,TX,12,REP,1701 RIVER RUN,STE 308,FORT WORTH,TX,761076547," $421,201.00 ", $-   ," $1,230,319.00 "," $40,058.33 "," $1,270,377.33 "," $798,003.04 ", $-   , $-   , $-   , $-   , $-   ," $2,658.12 "," $10,237.34 "
62,8581.5,https://classic.fec.gov/fecviewer/CandidateCommitteeDetail.do?candidateCommitteeId=H6TX15162&tabIndex=1,"GONZALEZ, VICENTE",H6TX15162,H,TX,15,DEM,121 NORTH 10TH ST,,MCALLEN,TX,78501," $1,020,610.80 "," $500,000.00 "," $597,718.47 "," $11,308.83 "," $609,027.30 "," $702,384.46 ", $30.13 , $-   , $-   , $-   , $-   , $175.00 , $-   
63,1498465.8,https://classic.fec.gov/fecviewer/CandidateCommitteeDetail.do?candidateCommitteeId=S8PA00239&tabIndex=1,"SACCONE, RICK",S8PA00239,S,PA,0,REP,404 BOSTON HOLLOW ROAD,,ELIZABETH,PA,15037, $-   , $-   ," $31,025.00 "," $16,592.00 "," $47,617.00 "," $3,500.00 ", $90.00 , $-   , $-   , $-   , $-   , $-   , $-   
64,816922.5,https://classic.fec.gov/fecviewer/CandidateCommitteeDetail.do?candidateCommitteeId=S8PA00262&tabIndex=1,"BARTOS, JEFFREY A",S8PA00262,S,PA,0,REP,239 WINDING WAY,,MERION STATION,PA,19066, $-   , $-   ," $712,758.00 "," $9,939.00 "," $722,698.00 "," $10,000.00 ", $-   ," $28,353.00 ", $-   ," $550,000.00 ", $-   , $-   ," $1,770.00 "
65,0.0,https://classic.fec.gov/fecviewer/CandidateCommitteeDetail.do?candidateCommitteeId=H8NY12145&tabIndex=1,"RABIN, ELIOT MR.",H8NY12145,H,NY,12,REP,401 EAST 81 STREET,,NEW YORK,NY,10028, $296.41 , $552.92 ," $8,581.46 "," $1,731.40 "," $10,312.86 ", $-   , $772.22 ," $24,358.36 ", $-   , $-   , $-   , $78.13 , $180.00 
66,1019777.4,https://classic.fec.gov/fecviewer/CandidateCommitteeDetail.do?candidateCommitteeId=H8GA06393&tabIndex=1,"MCBATH, LUCIA KAY MS.",H8GA06393,H,GA,6,DEM,1860 SANDY PLAINS ROAD,SUITE 204-210,MARIETTA,GA,30066," $218,684.35 "," $2,878.03 "," $1,498,465.82 "," $818,274.77 "," $2,316,740.59 "," $326,175.05 "," $5,000.00 ", $25.00 ," $47,880.34 "," $5,848.03 ", $-   ," $2,284.27 ", $52.75 
67,0.0,https://classic.fec.gov/fecviewer/CandidateCommitteeDetail.do?candidateCommitteeId=H6TX19099&tabIndex=1,"ARRINGTON, JODEY COOK",H6TX19099,H,TX,19,REP,3022 21ST ST,,LUBBOCK,TX,79493," $534,870.54 ", $-   ," $816,922.47 "," $26,546.00 "," $843,468.47 "," $499,077.73 ", $-   , $-   ," $21,750.69 ", $-   , $-   ," $3,470.13 "," $1,000.00 "
68,0.0,https://classic.fec.gov/fecviewer/CandidateCommitteeDetail.do?candidateCommitteeId=H8AL04060&tabIndex=1,"NORRIS, PHILLIP",H8AL04060,H,AL,4,REP,6103 KENLEY WAY,,BIRMINGHAM,AL,35242, $-   , $-   , $-   , $-   , $-   , $-   , $-   , $100.00 , $-   , $-   , $-   , $-   , $-   
69,394212.2,https://classic.fec.gov/fecviewer/CandidateCommitteeDetail.do?candidateCommitteeId=H8MN08043&tabIndex=1,"STAUBER, PETE",H8MN08043,H,MN,8,REP,5078 W ARROWHEAD ROAD,,HERMANTOWN,MN,55811," $18,336.23 ", $-   ," $1,019,777.41 "," $223,787.77 "," $1,243,565.18 "," $510,039.46 ", $-   , $-   ," $23,278.14 ", $-   , $-   , $820.24 , $-   
70,0.0,https://classic.fec.gov/fecviewer/CandidateCommitteeDetail.do?candidateCommitteeId=H8TX17123&tabIndex=1,"STURM, SCOTT 1974",H8TX17123,H,TX,17,DEM,328 CARDINAL DRIVE,,NEW BRAUNFELS,TX,78130, $95.00 , $-   , $-   , $95.00 , $95.00 , $-   , $-   , $-   , $-   , $-   , $-   , $-   , $-   
71,8046.0,https://classic.fec.gov/fecviewer/CandidateCommitteeDetail.do?candidateCommitteeId=H8TX18162&tabIndex=1,"PETERKA, JESSICA LEE",H8TX18162,H,TX,18,IND,24042 LESTERGATE DRIVE,,SPRING,TX,77373," $(2,284.76)", $-   , $-   , $-   , $-   , $-   , $-   , $-   , $-   , $-   , $-   , $-   , $-   
72,183145.0,https://classic.fec.gov/fecviewer/CandidateCommitteeDetail.do?candidateCommitteeId=H8FL27029&tabIndex=1,"ROSEN GONZALEZ, KRISTEN",H8FL27029,H,FL,27,DEM,4618 ALTON ROAD,,MIAMI BEACH,FL,33140," $23,863.12 ", $-   ," $394,212.18 "," $26,491.47 "," $420,703.65 "," $2,000.00 ", $-   ," $2,720.00 ", $-   , $-   , $-   ," $2,024.92 ", $-   
73,1499139.8,https://classic.fec.gov/fecviewer/CandidateCommitteeDetail.do?candidateCommitteeId=H8MD04213&tabIndex=1,"BLACK, THEREASA MARIE",H8MD04213,H,MD,4,DEM,411 WARFIELD DR,APT 1019,LANDOVER,MD,20785, $-   , $-   , $-   ," $1,796.02 "," $1,796.02 ", $-   , $-   ," $3,950.00 ", $-   , $-   , $-   , $-   , $98.00 
74,827069.9,https://classic.fec.gov/fecviewer/CandidateCommitteeDetail.do?candidateCommitteeId=H8TX26074&tabIndex=1,"BERSHAD, IRA MR.",H8TX26074,H,TX,26,DEM,5570 FM 423 SUITE 250-1118,,FRISCO,TX,75034, $53.64 , $-   ," $8,046.02 "," $3,206.00 "," $11,252.02 ", $-   , $-   , $-   , $-   , $-   , $-   , $-   , $-   
75,348862.1,https://classic.fec.gov/fecviewer/CandidateCommitteeDetail.do?candidateCommitteeId=H2CA33048&tabIndex=1,"ROYBAL-ALLARD, LUCILLE",H2CA33048,H,CA,40,DEM,PO BOX 4577,,DOWNEY,CA,90241," $40,131.14 ", $-   ," $183,145.00 "," $6,095.47 "," $189,240.47 "," $345,800.00 ", $42.37 , $-   , $-   , $-   , $-   , $108.00 , $-   
76,1197940.3,https://classic.fec.gov/fecviewer/CandidateCommitteeDetail.do?candidateCommitteeId=H2CA36439&tabIndex=1,"RUIZ, RAUL DR",H2CA36439,H,CA,36,DEM,77933 LAS MONTANAS RD,APT 103,PALM DESERT,CA,92211," $1,645,990.78 ", $-   ," $1,499,139.81 "," $426,816.12 "," $1,925,955.93 "," $1,213,124.00 "," $3,333.42 ", $-   ," $17,828.55 ", $-   , $-   ," $7,808.94 ", $-   
77,145452.4,https://classic.fec.gov/fecviewer/CandidateCommitteeDetail.do?candidateCommitteeId=H2CA37023&tabIndex=1,"CALVERT, KENNETH S",H2CA37023,H,CA,42,REP,PO BOX 78376,,CORONA,CA,92877," $517,900.03 "," $2,370.50 "," $827,069.87 "," $17,297.76 "," $844,367.63 "," $704,041.39 ", $-   , $-   , $-   , $-   , $-   ," $7,996.64 ", $-   
78,1236392.3,https://classic.fec.gov/fecviewer/CandidateCommitteeDetail.do?candidateCommitteeId=H2CA39078&tabIndex=1,"SANCHEZ, LINDA",H2CA39078,H,CA,38,DEM,PO BOX 59660,,NORWALK,CA,90652," $735,140.15 ", $-   ," $348,862.08 "," $32,550.64 "," $381,412.72 "," $1,328,230.05 ", $-   , $600.00 , $-   , $-   , $-   ," $20,190.78 "," $1,643.74 "
79,1775583.3,https://classic.fec.gov/fecviewer/CandidateCommitteeDetail.do?candidateCommitteeId=H8MI11346&tabIndex=1,"GUPTA, SUNEEL",H8MI11346,H,MI,11,DEM,1263 BROOKWOOD ST,,BIRMINGHAM,MI,48009," $3,730.36 "," $200,000.00 "," $1,197,940.30 "," $67,027.58 "," $1,264,967.88 "," $8,000.00 ", $-   ," $5,400.00 ", $-   ," $200,000.00 ", $-   ," $4,341.33 ", $-   
80,1394816.9,https://classic.fec.gov/fecviewer/CandidateCommitteeDetail.do?candidateCommitteeId=H8MI13284&tabIndex=1,"CONYERS, IAN",H8MI13284,H,MI,13,DEM,7342 KIPLING ST,,DETROIT,MI,48206, $215.22 ," $3,434.60 "," $145,452.44 "," $32,403.39 "," $177,855.83 "," $21,772.74 ", $-   ," $13,047.01 ", $-   , $-   , $-   , $101.92 , $-   
81,17715.0,https://classic.fec.gov/fecviewer/CandidateCommitteeDetail.do?candidateCommitteeId=H0WA03187&tabIndex=1,"HERRERA BEUTLER, JAIME",H0WA03187,H,WA,3,REP,PO BOX 1614,,RIDGEFIELD,WA,986420020," $48,966.73 "," $50,176.70 "," $1,236,392.30 "," $402,153.68 "," $1,638,545.98 "," $1,014,969.86 "," $15,000.00 ", $-   , $-   , $-   , $-   ," $34,856.37 "," $1,982.02 "
82,0.0,https://classic.fec.gov/fecviewer/CandidateCommitteeDetail.do?candidateCommitteeId=H6NY03247&tabIndex=1,"SUOZZI, THOMAS",H6NY03247,H,NY,3,DEM,PO BOX 669,,GLEN COVE,NY,11542," $1,320,976.28 "," $30,379.20 "," $1,775,583.33 "," $74,758.71 "," $1,850,342.04 "," $840,784.42 ", $-   , $-   ," $31,498.61 ", $-   , $-   ," $18,950.58 ", $119.24 
83,18850.0,https://classic.fec.gov/fecviewer/CandidateCommitteeDetail.do?candidateCommitteeId=H6NY11174&tabIndex=1,"DONOVAN, DAN",H6NY11174,H,NY,11,REP,PO BOX 60530,,STATEN ISLAND,NY,10306," $97,462.13 ", $-   ," $1,394,816.88 "," $74,300.00 "," $1,469,116.88 "," $1,077,087.33 "," $7,250.00 ", $-   ," $49,733.84 ", $-   , $-   ," $2,267.06 ", $-   
84,0.0,https://classic.fec.gov/fecviewer/CandidateCommitteeDetail.do?candidateCommitteeId=H6OH11160&tabIndex=1,"GOLDSTEIN, BEVERLY A.",H6OH11160,H,OH,11,REP,",",,",",OH,0, $261.83 , $-   ," $17,715.00 "," $3,979.00 "," $21,694.00 ", $-   , $-   , $-   , $-   , $-   , $-   , $-   , $-   
85,26044.0,https://classic.fec.gov/fecviewer/CandidateCommitteeDetail.do?candidateCommitteeId=H8ME02235&tabIndex=1,"VANHELSING, DANIELLE RAVYN MS.",H8ME02235,H,ME,2,UN,527 NORTH DEXTER ROAD,,SANGERVILLE,ME,4479, $-   , $-   , $-   , $-   , $-   , $-   , $-   , $-   , $-   , $-   , $-   , $-   , $-   
86,1736478.4,https://classic.fec.gov/fecviewer/CandidateCommitteeDetail.do?candidateCommitteeId=H8VA01287&tabIndex=1,"HICKS, TOM",H8VA01287,H,VA,1,DEM,15690 ST PETERS CHURCH RD,,MONTPELIER,VA,23192, $-   , $-   ," $18,850.00 "," $6,235.18 "," $25,085.18 ", $-   , $-   ," $14,080.01 ", $-   ," $10,000.00 ", $-   , $15.00 , $-   
87,411201.7,https://classic.fec.gov/fecviewer/CandidateCommitteeDetail.do?candidateCommitteeId=H4NY09090&tabIndex=1,"ANABILAH-AZUMAH, JOEL",H4NY09090,H,NY,9,UNK,146 EAST 55 STREET,,BROOKLYN,NY,11203, $-   , $-   , $-   , $-   , $-   , $-   , $-   , $-   , $-   , $-   , $-   , $-   , $-   
88,517326.0,https://classic.fec.gov/fecviewer/CandidateCommitteeDetail.do?candidateCommitteeId=H8GA03051&tabIndex=1,"ENDERLIN, CHARLES JOSEPH JR.",H8GA03051,H,GA,3,DEM,PO BOX 1174,,NEWNAN,GA,30264, $-   , $-   ," $26,044.00 "," $24,295.88 "," $50,339.88 ", $-   , $-   ," $5,307.25 ", $-   , $-   , $-   , $-   , $-   
89,404522.0,https://classic.fec.gov/fecviewer/CandidateCommitteeDetail.do?candidateCommitteeId=H6OR02116&tabIndex=1,"WALDEN, GREGORY P. MR.",H6OR02116,H,OR,2,REP,1504 SHERMAN AVENUE,,HOOD RIVER,OR,970311456," $1,420,205.94 ", $-   ," $1,736,478.41 "," $193,260.70 "," $1,929,739.11 "," $2,991,017.14 ", $-   , $-   ," $403,433.69 ", $-   , $-   ," $43,681.51 "," $1,657.66 "
90,2650.0,https://classic.fec.gov/fecviewer/CandidateCommitteeDetail.do?candidateCommitteeId=H6OR03064&tabIndex=1,"BLUMENAUER, EARL",H6OR03064,H,OR,3,DEM,901 SE OAK STREET,SUITE 105,PORTLAND,OR,97214," $892,433.40 ", $-   ," $411,201.74 "," $118,198.17 "," $529,399.91 "," $932,979.10 ", $47.09 , $-   ," $16,000.00 ", $-   , $-   ," $11,866.83 ", $460.03 
91,13628.7,https://classic.fec.gov/fecviewer/CandidateCommitteeDetail.do?candidateCommitteeId=H8FL15107&tabIndex=1,"POSEY, BILL",H8FL15107,H,FL,8,REP,P. O. BOX 411486,,MELBOURNE,FL,32941," $306,530.27 ", $-   ," $517,326.00 "," $54,871.18 "," $572,197.18 "," $353,246.02 ", $-   , $-   , $-   , $-   , $-   , $730.30 ," $1,327.50 "
92,52155.0,https://classic.fec.gov/fecviewer/CandidateCommitteeDetail.do?candidateCommitteeId=H8FL15230&tabIndex=1,"SPANO, VINCENT ROSS",H8FL15230,H,FL,15,REP,10101 BLOOMINGDALE AVENUE,SUITE 201,RIVERVIEW,FL,33578," $1,644.90 "," $323,153.10 "," $404,522.00 "," $31,594.75 "," $436,116.75 "," $267,853.45 ", $-   , $-   ," $17,380.80 "," $174,500.00 ", $-   , $30.00 ," $39,962.75 "
93,72266.0,https://classic.fec.gov/fecviewer/CandidateCommitteeDetail.do?candidateCommitteeId=H8TX32114&tabIndex=1,"MATERNOWSKI, TODD",H8TX32114,H,TX,32,DEM,PO BOX 741732,,DALLAS,TX,75374, $(102.36), $-   ," $2,650.00 "," $3,081.00 "," $5,731.00 ", $-   , $-   , $-   , $-   , $-   , $-   , $-   , $-   
94,46452.2,https://classic.fec.gov/fecviewer/CandidateCommitteeDetail.do?candidateCommitteeId=H6CA23206&tabIndex=1,"REED, WENDY",H6CA23206,H,CA,23,DEM,PO BOX 3133,,QUARTZ HILL,CA,93560, $-   , $-   ," $13,628.65 "," $8,253.69 "," $21,882.34 "," $1,000.00 ", $-   , $-   , $-   ," $4,499.23 ", $-   , $12.68 , $-   
95,500.0,https://classic.fec.gov/fecviewer/CandidateCommitteeDetail.do?candidateCommitteeId=H6FL09195&tabIndex=1,"LIEBNITZKY, WAYNE",H6FL09195,H,FL,9,REP,3225 CORD AVE,,ST CLOUD,FL,34772, $-   , $-   ," $52,155.00 "," $7,097.91 "," $59,252.91 "," $12,000.00 ", $-   , $250.42 , $-   , $-   , $-   , $-   , $3.56 
96,0.0,https://classic.fec.gov/fecviewer/CandidateCommitteeDetail.do?candidateCommitteeId=H8ND01029&tabIndex=1,"HANSON, BEN",H8ND01029,H,ND,0,DEM,PO BOX 7114,,FARGO,ND,58106, $-   , $-   ," $72,266.00 "," $77,954.24 "," $150,220.24 "," $5,600.00 ", $-   ," $3,209.25 ", $-   , $-   , $-   ," $1,750.00 ", $-   
97,0.0,https://classic.fec.gov/fecviewer/CandidateCommitteeDetail.do?candidateCommitteeId=H8IL14141&tabIndex=1,"SWANSON, VICTOR",H8IL14141,H,IL,14,DEM,143 S. RANDALL,#12,BATAVIA,IL,60510, $-   , $-   ," $46,452.20 "," $31,636.00 "," $78,088.20 ", $-   , $-   ," $2,267.10 ", $-   , $-   , $-   , $54.58 , $-   
98,6800.0,https://classic.fec.gov/fecviewer/CandidateCommitteeDetail.do?candidateCommitteeId=H8OK05091&tabIndex=1,"PORTER, EDDIE RAY",H8OK05091,H,OK,5,DEM,4205 NE 116TH STREET,,OKLAHOMA CITY,OK,73131, $-   , $-   , $500.00 ," $1,055.00 "," $1,555.00 ", $-   , $-   , $-   , $-   ," $18,350.00 ", $-   , $-   , $-   
99,7199.4,https://classic.fec.gov/fecviewer/CandidateCommitteeDetail.do?candidateCommitteeId=S8OH00128&tabIndex=1,"PINION, TIMOTHY A.",S8OH00128,S,OH,0,REP,,,PORTSMOUTH,OH,, $-   , $-   , $-   , $-   , $-   , $-   , $-   , $-   , $-   , $-   , $-   , $-   , $-   
100,0.0,https://classic.fec.gov/fecviewer/CandidateCommitteeDetail.do?candidateCommitteeId=S8OH00136&tabIndex=1,"FARLEY, PHILENA IRENE",S8OH00136,S,OH,0,GRE,,,COLUMBUS,OH,, $-   , $-   , $-   , $-   , $-   , $-   , $-   , $-   , $-   , $-   , $-   , $-   , $-   
101,335664.5,https://classic.fec.gov/fecviewer/CandidateCommitteeDetail.do?candidateCommitteeId=H6TX27092&tabIndex=1,"BARRERA, RAUL (ROY)",H6TX27092,H,TX,27,DEM,PO BOX 10317,,CORPUS CHRISTI,TX,78410," $4,800.49 ", $(765.00)," $6,800.00 ", $896.18 ," $7,696.18 ", $-   ," $2,000.00 ", $-   , $-   ," $2,600.00 ", $-   , $-   , $-   
102,34977.3,https://classic.fec.gov/fecviewer/CandidateCommitteeDetail.do?candidateCommitteeId=H8KS02231&tabIndex=1,"MAYS, MARION DOUGLAS",H8KS02231,H,KS,2,REP,7501 SW ARTHURS RD,,TOPEKA,KS,66610, $-   , $-   ," $7,199.40 ", $515.30 ," $7,714.70 ", $-   , $-   , $-   , $-   ," $145,000.00 ", $-   , $450.00 , $-   
103,223498.4,https://classic.fec.gov/fecviewer/CandidateCommitteeDetail.do?candidateCommitteeId=H8TX22222&tabIndex=1,"WILLIAMS, STEPHANIE MS.",H8TX22222,H,TX,22,NNE,411 NORTH MISSOURI STREET,PO BOX 119,ORCHARD,TX,77464, $-   , $-   , $-   , $-   , $-   , $-   , $-   , $-   , $-   , $-   , $-   , $-   , $-   
104,137134.9,https://classic.fec.gov/fecviewer/CandidateCommitteeDetail.do?candidateCommitteeId=H8WA08239&tabIndex=1,"HADER, SHANNON",H8WA08239,H,WA,8,DEM,2 E MAIN ST #429,,AUBURN,WA,98002," $17,534.45 "," $50,000.00 "," $335,664.46 "," $98,275.91 "," $433,940.37 "," $18,300.00 ", $-   ," $5,500.00 ", $-   ," $420,000.00 ", $-   ," $8,703.57 ", $-   
105,0.0,https://classic.fec.gov/fecviewer/CandidateCommitteeDetail.do?candidateCommitteeId=H8WI01164&tabIndex=1,"STEEN, KEVIN ADAM",H8WI01164,H,WI,1,REP,PO BOX 0185,,SALEM,WI,53168," $1,753.30 ", $-   ," $34,977.26 "," $4,768.26 "," $39,745.52 ", $-   , $-   , $83.76 , $-   ," $9,000.00 ", $-   , $65.62 , $-   
106,6752367.4,https://classic.fec.gov/fecviewer/CandidateCommitteeDetail.do?candidateCommitteeId=H8WI03103&tabIndex=1,"TOFT, STEVE",H8WI03103,H,WI,3,REP,13213 THOMAS STREET,,OSSEO,WI,54758, $104.00 ," $30,000.00 "," $223,498.41 "," $30,403.93 "," $253,902.34 "," $12,000.00 ", $-   ," $6,415.42 ", $-   ," $30,000.00 ", $-   , $104.00 ," $2,600.00 "
107,1691411.1,https://classic.fec.gov/fecviewer/CandidateCommitteeDetail.do?candidateCommitteeId=H8WI05165&tabIndex=1,"PALZEWICZ, TOM",H8WI05165,H,WI,5,DEM,17145 GREENWOOD COURT WEST,,BROOKFIELD,WI,53005," $2,891.12 ", $-   ," $137,134.88 "," $89,296.40 "," $226,431.28 "," $21,770.00 ", $-   , $-   , $-   ," $15,000.00 ", $-   , $-   , $-   
108,956937.0,https://classic.fec.gov/fecviewer/CandidateCommitteeDetail.do?candidateCommitteeId=H8TX32080&tabIndex=1,"RODRIGUEZ, DARRELL ALLEN",H8TX32080,H,TX,4,DEM,P.O. BOX 600641,,DALLAS,TX,75360, $-   , $-   , $-   , $-   , $-   , $-   , $-   , $-   , $-   , $-   , $-   , $-   , $-   
109,2000.0,https://classic.fec.gov/fecviewer/CandidateCommitteeDetail.do?candidateCommitteeId=S8MI00372&tabIndex=1,"JAMES, JOHN",S8MI00372,S,MI,0,REP,31525 FRANKLIN FAIRWAY ST,,FARMINGTON HILLS,MI,48334," $507,954.88 ", $-   ," $6,752,367.36 "," $5,200,025.62 "," $11,952,393.98 "," $375,144.19 "," $1,227.60 ", $-   ," $149,488.83 "," $50,000.00 ", $-   ," $23,211.92 ", $-   
110,46989.5,https://classic.fec.gov/fecviewer/CandidateCommitteeDetail.do?candidateCommitteeId=S8MA00276&tabIndex=1,"DIEHL, GEOFF",S8MA00276,S,MA,0,REP,10 VILLAGE WAY,,WHITMAN,MA,2382," $8,905.71 "," $30,484.84 "," $1,691,411.05 "," $1,298,567.51 "," $2,989,978.56 "," $34,680.00 ", $375.00 , $-   , $-   , $-   , $-   , $-   , $-   
111,41650.0,https://classic.fec.gov/fecviewer/CandidateCommitteeDetail.do?candidateCommitteeId=S8MA00318&tabIndex=1,"KINGSTON, JOHN MR",S8MA00318,S,MA,0,REP,331 MONTVALE AVENUE,,WOBURN,MA,1801," $76,483.29 "," $398,146.09 "," $956,937.00 "," $424,825.65 "," $1,381,763.65 "," $2,150.00 ", $-   ," $240,265.00 ", $-   ," $5,098,000.00 ", $-   ," $36,977.78 ", $67.08 
112,0.0,https://classic.fec.gov/fecviewer/CandidateCommitteeDetail.do?candidateCommitteeId=H8OH12230&tabIndex=1,"LETT, CRYSTAL LYNN",H8OH12230,H,OH,12,DEM,6891 SPARROW LANE,,COLUMBUS,OH,43235, $-   , $-   ," $2,000.00 ", $770.00 ," $2,770.00 ", $-   , $-   , $-   , $-   , $-   , $-   , $-   , $-   
113,0.0,https://classic.fec.gov/fecviewer/CandidateCommitteeDetail.do?candidateCommitteeId=H8WA08155&tabIndex=1,"DAS, MONA",H8WA08155,H,WA,8,DEM,140 LAKESIDE AVENUE,SUITE 22,SEATTLE,WA,98122, $-   , $-   ," $46,989.51 "," $43,539.19 "," $90,528.70 ", $-   , $-   ," $1,118.99 ", $-   , $-   , $-   , $-   , $-   
114,0.0,https://classic.fec.gov/fecviewer/CandidateCommitteeDetail.do?candidateCommitteeId=H8NV03176&tabIndex=1,"TACHE, LYNDA",H8NV03176,H,NV,3,REP,PO BOX 752004,,LAS VEGAS,NV,89136, $-   , $-   ," $41,650.00 "," $1,005.00 "," $42,655.00 "," $6,000.00 ", $-   ," $2,779.96 ", $-   , $-   , $-   , $24.39 , $-   
115,55167.2,https://classic.fec.gov/fecviewer/CandidateCommitteeDetail.do?candidateCommitteeId=S8MA00292&tabIndex=1,"MITCHELL, DARIUS",S8MA00292,S,MA,0,REP,108 BUTTERFIELD ST,,LOWELL,MA,1854, $-   , $-   , $-   , $-   , $-   , $-   , $-   , $-   , $-   , $-   , $-   , $-   , $-   
116,8864.0,https://classic.fec.gov/fecviewer/CandidateCommitteeDetail.do?candidateCommitteeId=S8ME00148&tabIndex=1,"HAMMER, ALEX",S8ME00148,S,ME,0,IND,PO BOX 2372,,BANGOR,ME,4402, $-   , $-   , $-   , $-   , $-   , $-   , $-   , $-   , $-   , $-   , $-   , $-   , $-   
117,225708.1,https://classic.fec.gov/fecviewer/CandidateCommitteeDetail.do?candidateCommitteeId=H8ME02136&tabIndex=1,"CLEAVES, PHILIP J MR JR",H8ME02136,H,ME,2,DEM,34 LINCOLN ST,,DEXTER,ME,4930, $-   , $-   , $-   , $-   , $-   , $-   , $-   , $-   , $-   , $-   , $-   , $-   , $-   
118,779464.2,https://classic.fec.gov/fecviewer/CandidateCommitteeDetail.do?candidateCommitteeId=H8CO02202&tabIndex=1,"WILLIAMS, MARK JOAQUIN MR.",H8CO02202,H,CO,2,DEM,1732 YAUPON AVE,,BOULDER,CO,80304, $-   , $-   ," $55,167.18 "," $32,264.63 "," $87,431.81 ", $-   , $-   , $-   , $-   , $-   , $-   , $-   ," $5,771.28 "
119,2316789.0,https://classic.fec.gov/fecviewer/CandidateCommitteeDetail.do?candidateCommitteeId=H4NE01163&tabIndex=1,"CRAWFORD, DENNIS P",H4NE01163,H,NE,1,DEM,9600 CALVERT STREET,,LINCOLN,NE,68520, $105.00 , $-   ," $8,864.00 "," $13,195.00 "," $22,059.00 ", $200.00 , $-   , $807.00 , $-   , $-   , $-   , $-   , $-   
120,0.0,https://classic.fec.gov/fecviewer/CandidateCommitteeDetail.do?candidateCommitteeId=H8PA13117&tabIndex=1,"GOODMAN, SHIRA MS.",H8PA13117,H,PA,4,DEM,1432 CATLIN WAY,,DRESHER,PA,19025, $398.25 , $-   ," $225,708.08 "," $55,073.62 "," $280,781.70 "," $2,150.00 ", $-   ," $16,558.46 ", $-   , $-   , $-   ," $3,620.00 ", $-   
121,596805.0,https://classic.fec.gov/fecviewer/CandidateCommitteeDetail.do?candidateCommitteeId=S6IL00292&tabIndex=1,"DUCKWORTH, L TAMMY",S6IL00292,S,IL,0,DEM,PO BOX 10793,,CHICAGO,IL,60610," $1,137,843.69 ", $-   ," $779,464.23 "," $1,029,687.94 "," $1,809,155.17 "," $267,550.00 ", $-   , $-   ," $63,889.84 ", $-   , $-   ," $42,412.00 "," $67,445.72 "
122,0.0,https://classic.fec.gov/fecviewer/CandidateCommitteeDetail.do?candidateCommitteeId=S6MD03177&tabIndex=1,"CARDIN, BENJAMIN L",S6MD03177,S,MD,0,DEM,PO BOX 21093,,CATONSVILLE,MD,21228," $1,261,723.10 ", $-   ," $2,316,789.00 "," $127,687.75 "," $2,444,480.75 "," $1,592,761.56 ", $-   , $-   ," $28,341.00 ", $-   , $-   , $948.00 , $617.93 
123,0.0,https://classic.fec.gov/fecviewer/CandidateCommitteeDetail.do?candidateCommitteeId=H8CA12247&tabIndex=1,"DEMASI, CHASE MR",H8CA12247,H,CA,12,REP,38228 PATWIN TERRACE,,DAVIS,CA,95616, $-   , $-   , $-   , $-   , $-   , $-   , $-   , $-   , $-   , $-   , $-   , $-   , $-   
124,0.0,https://classic.fec.gov/fecviewer/CandidateCommitteeDetail.do?candidateCommitteeId=H8VA06104&tabIndex=1,"CLINE, BENJAMIN LEE",H8VA06104,H,VA,6,REP,6 S. RANDOLPH STREET,,LEXINGTON,VA,24450," $18,747.53 "," $29,913.59 "," $596,804.97 "," $88,386.13 "," $685,191.10 "," $298,812.48 "," $5,000.00 "," $1,550.00 ", $-   , $-   , $-   ," $8,691.52 ", $-   
125,0.0,https://classic.fec.gov/fecviewer/CandidateCommitteeDetail.do?candidateCommitteeId=S8ND00096&tabIndex=1,"PEYER, DUSTIN DAVID",S8ND00096,S,ND,0,DEM,328 SE 1ST ST,,DRISCOLL,ND,58532, $-   , $-   , $-   , $-   , $-   , $-   , $-   , $-   , $-   , $-   , $-   , $-   , $-   
126,0.0,https://classic.fec.gov/fecviewer/CandidateCommitteeDetail.do?candidateCommitteeId=H8NY21237&tabIndex=1,"KOPSER, JOSEPH",H8NY21237,H,NY,21,DEM,PO BOX 701711,,SAN ANTONIO,TX,78270, $-   , $-   , $-   , $-   , $-   , $-   , $-   , $-   , $-   , $-   , $-   , $-   , $-   
127,195483.8,https://classic.fec.gov/fecviewer/CandidateCommitteeDetail.do?candidateCommitteeId=H8IL17037&tabIndex=1,"SCHUH, JON RODNEY MR. JR.",H8IL17037,H,IL,17,REP,300 GEAR STREET,,GALENA,IL,61036, $-   , $-   , $-   , $-   , $-   , $-   , $-   , $-   , $-   , $-   , $-   , $-   , $-   
128,392097.2,https://classic.fec.gov/fecviewer/CandidateCommitteeDetail.do?candidateCommitteeId=H8TX22214&tabIndex=1,"BOWERS, HARRY",H8TX22214,H,TX,22,REP,4813 SCOTT RD,,PEARLAND,TX,77581, $-   , $-   , $-   , $-   , $-   , $-   , $-   , $-   , $-   , $-   , $-   , $-   , $-   
129,0.0,https://classic.fec.gov/fecviewer/CandidateCommitteeDetail.do?candidateCommitteeId=H8GA01055&tabIndex=1,"JARVIS, BERNARD STEFAN",H8GA01055,H,GA,1,DEM,190 QUAIL ROAD,,RICHMOND HILL,GA,31324, $-   , $-   , $-   , $-   , $-   , $-   , $-   , $-   , $-   , $-   , $-   , $-   , $-   
130,309737.4,https://classic.fec.gov/fecviewer/CandidateCommitteeDetail.do?candidateCommitteeId=H8NC06079&tabIndex=1,"WATTS, RYAN",H8NC06079,H,NC,6,DEM,PO BOX 1339,,GRAHAM,NC,27253," $27,458.60 ", $-   ," $195,483.81 "," $118,161.59 "," $313,645.40 "," $10,600.00 ", $41.67 ," $15,462.94 ", $-   , $375.00 , $-   , $-   , $-   
131,2066.3,https://classic.fec.gov/fecviewer/CandidateCommitteeDetail.do?candidateCommitteeId=H2OR01133&tabIndex=1,"BONAMICI, SUZANNE MS.",H2OR01133,H,OR,1,DEM,PO BOX 1632,,BEAVERTON,OR,97075," $458,748.99 ", $-   ," $392,097.20 "," $103,697.58 "," $495,794.78 "," $546,123.44 ", $-   , $-   , $-   , $-   , $-   , $269.46 , $-   
132,6016.9,https://classic.fec.gov/fecviewer/CandidateCommitteeDetail.do?candidateCommitteeId=H8TX16075&tabIndex=1,"LECLAIRE, NICOLE JENAE",H8TX16075,H,TX,16,DEM,5223 MARBLE GATE LN,,HOUSTON,TX,77069, $-   , $-   , $-   , $-   , $-   , $-   , $-   , $-   , $-   , $-   , $-   , $-   , $-   
133,44950.0,https://classic.fec.gov/fecviewer/CandidateCommitteeDetail.do?candidateCommitteeId=H8NH01160&tabIndex=1,"SANBORN, ANDY",H8NH01160,H,NH,1,REP,71 EAGLE DRIVE,,BEDFORD,NH,3110, $-   ," $314,610.47 "," $309,737.36 "," $41,265.83 "," $351,003.19 "," $20,650.00 ", $-   , $-   , $-   ," $511,166.48 ", $50.00 , $-   , $91.70 
134,0.0,https://classic.fec.gov/fecviewer/CandidateCommitteeDetail.do?candidateCommitteeId=H8VA06088&tabIndex=1,"COPPOLA, SERGIO MR. II",H8VA06088,H,VA,6,DEM,6567 RAWLEY PIKE,,HINTON,VA,22831, $-   , $-   ," $2,066.32 ", $779.13 ," $2,845.45 ", $-   , $-   , $580.52 , $-   ," $2,000.00 ", $-   , $-   , $-   
135,0.0,https://classic.fec.gov/fecviewer/CandidateCommitteeDetail.do?candidateCommitteeId=H8NY11071&tabIndex=1,"EMIG, ZACH",H8NY11071,H,NY,11,DEM,PO BOX 10230,,STATEN ISLAND,NY,10301, $-   , $-   ," $6,016.90 ", $873.99 ," $6,890.89 ", $-   , $-   ," $29,095.01 ", $-   ," $14,000.00 ", $-   , $-   , $-   
136,0.0,https://classic.fec.gov/fecviewer/CandidateCommitteeDetail.do?candidateCommitteeId=S8DE00103&tabIndex=1,"BOYCE, HENRY CHARLES  'CHUCK'  JR",S8DE00103,S,DE,0,REP,121 TUSCANY DRIVE,,MIDDLETOWN,DE,19709," $(2,656.39)", $-   ," $44,950.00 "," $1,134.00 "," $46,084.00 ", $-   , $-   ," $230,027.00 ", $-   ," $105,536.00 ", $-   , $-   , $-   
137,0.0,https://classic.fec.gov/fecviewer/CandidateCommitteeDetail.do?candidateCommitteeId=H8CA43150&tabIndex=1,"ZUNIGA, MIGUEL",H8CA43150,H,CA,43,GRE,PO BOX 1203,,LOMITA,CA,90717, $-   , $-   , $-   , $-   , $-   , $-   , $-   , $-   , $-   , $-   , $-   , $-   , $-   
138,17213798.6,https://classic.fec.gov/fecviewer/CandidateCommitteeDetail.do?candidateCommitteeId=H6FL07132&tabIndex=1,"WEINGART, PATRICK DONOVAN",H6FL07132,H,FL,7,REP,809 BAMBI AVE,,ALTAMONTE SPRINGS,FL,32714, $-   , $-   , $-   , $-   , $-   , $-   , $-   , $-   , $-   , $-   , $-   , $-   , $-   
139,500.0,https://classic.fec.gov/fecviewer/CandidateCommitteeDetail.do?candidateCommitteeId=H8UT02230&tabIndex=1,"SURVEYOR, CHARLOTTE",H8UT02230,H,UT,2,DEM,60 SOUTH 800 WEST,,SALT LAKE CITY,UT,84104, $-   , $-   , $-   , $-   , $-   , $-   , $-   , $-   , $-   , $-   , $-   , $-   , $-   
140,14083469.8,https://classic.fec.gov/fecviewer/CandidateCommitteeDetail.do?candidateCommitteeId=H6MD04282&tabIndex=1,"THERRIEN, DAVID",H6MD04282,H,MD,4,REP,8385 MARYLAND RD,,PASADENA,MD,21122," $11,960.41 "," $14,943.15 ", $-   , $15.00 , $15.00 , $-   , $-   , $-   , $-   ," $19,443.15 ", $-   , $-   , $-   
141,2102517.9,https://classic.fec.gov/fecviewer/CandidateCommitteeDetail.do?candidateCommitteeId=S2TX00312&tabIndex=1,"CRUZ, RAFAEL EDWARD  TED",S2TX00312,S,TX,0,REP,815 A BRAZOS PMB 550,,AUSTIN,TX,78701," $157,958.64 "," $10,000.00 "," $17,213,798.56 "," $12,020,422.63 "," $29,234,222.19 "," $1,281,824.02 ", $100.00 , $-   ," $4,105,176.86 "," $260,000.00 ", $-   ," $12,354.42 "," $515,390.19 "
142,3097478.3,https://classic.fec.gov/fecviewer/CandidateCommitteeDetail.do?candidateCommitteeId=H8CA39216&tabIndex=1,"SAREGA, ANDREW",H8CA39216,H,CA,39,REP,5300 BEACH BLVD,APT 101-295,BUENA PARK,CA,90621, $-   ," $35,000.00 ", $500.00 , $335.00 , $835.00 , $-   , $-   , $-   , $-   ," $35,000.00 ", $-   , $-   , $-   
143,7461.0,https://classic.fec.gov/fecviewer/CandidateCommitteeDetail.do?candidateCommitteeId=S2ND00099&tabIndex=1,"HEITKAMP, HEIDI",S2ND00099,S,ND,0,DEM,21 CAPTAIN LEACH DRIVE,,MANDAN,ND,58554," $6,483,856.47 ", $-   ," $14,083,469.82 "," $11,504,587.97 "," $25,588,061.79 "," $2,920,093.62 "," $1,000.00 ", $-   ," $975,830.43 ", $-   , $-   ," $6,239.02 "," $34,370.79 "
144,62400.0,https://classic.fec.gov/fecviewer/CandidateCommitteeDetail.do?candidateCommitteeId=S2NE00094&tabIndex=1,"FISCHER, DEBRA S",S2NE00094,S,NE,0,REP,5555 SOUTH ST STE 200,,LINCOLN,NE,68506," $511,616.90 ", $-   ," $2,102,517.89 "," $192,391.44 "," $2,294,909.33 "," $1,871,393.00 ", $-   , $-   ," $340,857.09 ", $-   , $-   ," $1,476.13 ", $-   
145,0.0,https://classic.fec.gov/fecviewer/CandidateCommitteeDetail.do?candidateCommitteeId=S2NM00088&tabIndex=1,"HEINRICH, MARTIN TREVOR",S2NM00088,S,NM,0,DEM,PO BOX 25763,,ALBUQUERQUE,NM,87125," $654,974.35 ", $-   ," $3,097,478.33 "," $847,144.43 "," $3,944,623.76 "," $1,909,809.51 "," $2,000.00 ", $-   ," $468,120.38 ", $-   , $-   ," $2,329.68 "," $50,180.53 "
146,0.0,https://classic.fec.gov/fecviewer/CandidateCommitteeDetail.do?candidateCommitteeId=H8CA42236&tabIndex=1,"WOODY, MATT",H8CA42236,H,CA,42,NNE,PO BOX 2651,,CORONA,CA,92878," $2,114.72 "," $39,116.26 "," $7,461.00 ", $-   ," $7,461.00 ", $-   , $-   , $-   , $-   ," $39,000.00 ", $-   , $-   , $-   
147,1128.6,https://classic.fec.gov/fecviewer/CandidateCommitteeDetail.do?candidateCommitteeId=H8IL08119&tabIndex=1,"JHINGAN, VANDANA",H8IL08119,H,IL,8,REP,101 BAR HARBOUR RD,,SCHAUMBURG,IL,60193, $-   , $-   ," $62,400.00 ", $300.00 ," $62,700.00 ", $-   , $-   , $-   , $-   ," $11,000.00 ", $-   , $-   , $-   
148,360.0,https://classic.fec.gov/fecviewer/CandidateCommitteeDetail.do?candidateCommitteeId=H8KS02124&tabIndex=1,"STANDLEY, KELLY DON",H8KS02124,H,KS,2,DEM,602 MAPLE STREET,,SAINT PAUL,KS,66771, $-   , $-   , $-   , $-   , $-   , $-   , $-   , $-   , $-   , $-   , $-   , $-   , $-   
149,1406.0,https://classic.fec.gov/fecviewer/CandidateCommitteeDetail.do?candidateCommitteeId=H8OH13139&tabIndex=1,"HARTMAN, DARRELL LYNN",H8OH13139,H,OH,16,REP,600 HILLMAN RD,,AKRON,OH,44312, $-   , $-   , $-   , $-   , $-   , $-   , $-   , $-   , $-   , $-   , $-   , $-   , $-   
150,8850.0,https://classic.fec.gov/fecviewer/CandidateCommitteeDetail.do?candidateCommitteeId=H8NY11097&tabIndex=1,"DECILLIS, ALFRED MICHAEL",H8NY11097,H,NY,11,DEM,P.O. BOX 10299,,STATEN ISLAND,NY,10301," $(6,209.46)", $-   ," $1,128.57 "," $1,250.00 "," $2,378.57 ", $-   , $-   ," $15,942.83 ", $-   , $-   , $-   , $-   , $100.00 
151,18725.0,https://classic.fec.gov/fecviewer/CandidateCommitteeDetail.do?candidateCommitteeId=H8IN07150&tabIndex=1,"HARMON, WAYNE E",H8IN07150,H,IN,7,REP,PO BOX 19603,,INDIANAPOLIS,IN,46219, $267.54 , $-   , $360.00 , $-   , $20.00 , $-   , $-   , $386.00 , $-   , $-   , $-   , $-   , $-   
152,53150.0,https://classic.fec.gov/fecviewer/CandidateCommitteeDetail.do?candidateCommitteeId=H8NY21351&tabIndex=1,"KAHN, LYNN SANDRA",H8NY21351,H,NY,21,GRE,18 LAKEVIEW WAY,,SCHROON LAKE,NY,12870, $149.00 , $-   ," $1,406.00 "," $1,355.00 "," $2,761.00 ", $-   ," $1,000.00 ", $400.00 , $-   ," $1,677.00 ", $-   , $-   , $-   
153,146789.7,https://classic.fec.gov/fecviewer/CandidateCommitteeDetail.do?candidateCommitteeId=H8KS02215&tabIndex=1,"TANNAHILL, TYLER NATHAN",H8KS02215,H,KS,2,REP,1035 S BROADWAY ST,,LEAVENWORTH,KS,66048, $-   , $-   ," $8,850.00 "," $3,868.50 "," $12,718.50 ", $-   , $-   , $-   , $-   ," $65,100.00 ", $-   , $-   , $-   
154,393525.1,https://classic.fec.gov/fecviewer/CandidateCommitteeDetail.do?candidateCommitteeId=H4IA03057&tabIndex=1,"SHERZAN, MICHAEL THOMAS",H4IA03057,H,IA,3,DEM,6775 BOONEVILLE RD,,WEST DES MOINES,IA,50266, $-   , $-   ," $18,725.00 "," $5,441.99 "," $24,166.99 ", $-   , $-   ," $36,545.30 ", $-   , $-   , $-   , $-   , $-   
155,1268137.7,https://classic.fec.gov/fecviewer/CandidateCommitteeDetail.do?candidateCommitteeId=H8AZ03159&tabIndex=1,"PIERSON, JOE NICOLAS",H8AZ03159,H,AZ,3,REP,2361 N LAKE STAR DRIVE,,TUCSON,AZ,85749, $19.24 ," $5,000.00 "," $53,150.00 "," $17,117.00 "," $70,267.00 "," $1,500.00 ", $-   , $-   , $-   ," $5,609.00 ", $-   , $-   , $25.00 
156,1610557.2,https://classic.fec.gov/fecviewer/CandidateCommitteeDetail.do?candidateCommitteeId=H8NH02267&tabIndex=1,"LEVENSON, STEWART",H8NH02267,H,NH,2,REP,117 HOPKINS GREEN ROAD,,HOPKINTON,NH,3229, $-   , $-   ," $146,789.69 "," $12,207.00 "," $158,996.69 ", $-   , $-   ," $305,389.92 ", $-   ," $50,000.00 ", $-   , $175.58 , $-   
157,490151.7,https://classic.fec.gov/fecviewer/CandidateCommitteeDetail.do?candidateCommitteeId=H8TX25159&tabIndex=1,"OLIVER, JULIE LYNN",H8TX25159,H,TX,25,DEM,PO BOX 310,,AUSTIN,TX,78767, $-   ," $2,644.27 "," $393,525.14 "," $239,701.27 "," $633,226.41 ", $700.00 ," $4,000.00 "," $3,799.49 ", $-   ," $3,125.00 ", $-   , $16.99 ," $1,058.29 "
158,3801.6,https://classic.fec.gov/fecviewer/CandidateCommitteeDetail.do?candidateCommitteeId=H8NY02104&tabIndex=1,"GRECHEN SHIRLEY, LIUBOV LIUBA",H8NY02104,H,NY,2,DEM,PO BOX 694,,AMITYVILLE,NY,11701," $18,794.78 "," $3,000.00 "," $1,268,137.67 "," $562,748.11 "," $1,830,885.78 "," $120,199.76 ", $-   , $-   ," $25,883.34 ", $-   , $-   ," $2,357.35 ", $-   
159,0.0,https://classic.fec.gov/fecviewer/CandidateCommitteeDetail.do?candidateCommitteeId=H8CA39174&tabIndex=1,"CISNEROS, GILBERT",H8CA39174,H,CA,39,DEM,10880 WILSHIRE BLVD.,SUITE 2100,LOS ANGELES,CA,90024," $81,438.82 "," $579,849.73 "," $1,610,557.22 "," $569,074.44 "," $2,179,631.66 "," $83,908.20 "," $1,544.18 "," $52,761.86 "," $464,859.65 "," $9,200,000.00 ", $-   ," $140,465.49 "," $142,022.98 "
160,0.0,https://classic.fec.gov/fecviewer/CandidateCommitteeDetail.do?candidateCommitteeId=H8KS03122&tabIndex=1,"WELDER, BRENT",H8KS03122,H,KS,3,DEM,PO BOX 860313,,SHAWNEE,KS,66286, $298.77 , $-   ," $490,151.69 "," $378,804.42 "," $868,956.11 "," $70,122.66 ", $-   ," $2,032.26 ", $-   ," $54,750.00 ", $-   ," $1,102.06 ", $0.01 
161,0.0,https://classic.fec.gov/fecviewer/CandidateCommitteeDetail.do?candidateCommitteeId=H6FL01143&tabIndex=1,"MILLS, JOHN",H6FL01143,H,FL,1,REP,1940 BOARDWALK DRIVE,,MIRAMAR BEACH,FL,32550, $277.63 ," $38,536.03 "," $3,801.60 "," $6,080.00 "," $9,881.60 ", $-   , $-   , $-   , $-   ," $21,112.46 ", $920.16 , $-   , $-   
162,0.0,https://classic.fec.gov/fecviewer/CandidateCommitteeDetail.do?candidateCommitteeId=S8TN00329&tabIndex=1,"BAILEY, BILLY",S8TN00329,S,TN,0,DEM,2919 SHACONAGE TRAIL,,SEVIERVILLE,TN,37876, $-   , $-   , $-   , $-   , $-   , $-   , $-   , $-   , $-   , $-   , $-   , $-   , $-   
163,21344.0,https://classic.fec.gov/fecviewer/CandidateCommitteeDetail.do?candidateCommitteeId=H4IN04180&tabIndex=1,"GRANT, KEVIN J",H4IN04180,H,IN,4,REP,5627 SHOOTINGSTAR LANE,,WEST LAFAYETTE,IN,47906, $-   , $-   , $-   , $-   , $-   , $-   , $-   , $-   , $-   , $-   , $-   , $-   , $-   
164,0.0,https://classic.fec.gov/fecviewer/CandidateCommitteeDetail.do?candidateCommitteeId=H8MA03080&tabIndex=1,"MARINO, LOUIS GREGORY MR",H8MA03080,H,MA,3,REP,7 ATLANTIC AVE,APT 2,FITCHBURG,MA,1420, $-   , $-   , $-   , $-   , $-   , $-   , $-   , $-   , $-   , $-   , $-   , $-   , $-   
165,0.0,https://classic.fec.gov/fecviewer/CandidateCommitteeDetail.do?candidateCommitteeId=H6NH02196&tabIndex=1,"MARTIN, ANDY",H6NH02196,H,NH,1,REP,PO BOX 742,,MANCHESTER,NH,3105, $-   , $-   , $-   , $-   , $-   , $-   , $-   , $-   , $-   , $-   , $-   , $-   , $-   
166,0.0,https://classic.fec.gov/fecviewer/CandidateCommitteeDetail.do?candidateCommitteeId=H8CA49116&tabIndex=1,"CHRISTINA, PREJEAN",H8CA49116,H,CA,49,DEM,"1787 TRIBUTE ROAD, SUITE K",,SACRAMENTO,CA,95815, $-   , $-   ," $21,344.00 "," $16,210.46 "," $37,554.46 ", $-   , $-   , $-   , $-   , $-   , $-   , $-   , $-   
167,159685.5,https://classic.fec.gov/fecviewer/CandidateCommitteeDetail.do?candidateCommitteeId=S8WV00135&tabIndex=1,"COPLEY, JIMMY DALE II",S8WV00135,S,WV,0,REP,92 BOY SCOUT HOLLOW,,DELBARTON,WV,25670, $-   , $-   , $-   , $-   , $-   , $-   , $-   , $-   , $-   , $-   , $-   , $-   , $-   
168,23470.0,https://classic.fec.gov/fecviewer/CandidateCommitteeDetail.do?candidateCommitteeId=H8IN09115&tabIndex=1,"CHATLOS, ROBERT",H8IN09115,H,IN,9,DEM,3220 S LEONARD SPRINGS ROAD,,BLOOMINGTON,IN,47402, $215.00 , $-   , $-   ," $1,015.00 "," $1,015.00 ", $-   , $-   ," $2,000.00 ", $-   , $-   , $-   , $-   , $-   
169,5152.0,https://classic.fec.gov/fecviewer/CandidateCommitteeDetail.do?candidateCommitteeId=S8WV00176&tabIndex=1,"WILLIS, THOMAS EDWARD II",S8WV00176,S,WV,0,REP,71 DRUMWOOD ROAD,,MARTINSBURG,WV,25403, $-   , $-   , $-   , $-   , $-   , $-   , $-   , $-   , $-   , $-   , $-   , $-   , $-   
170,7450.0,https://classic.fec.gov/fecviewer/CandidateCommitteeDetail.do?candidateCommitteeId=H8CA07072&tabIndex=1,"BARASH, YONA",H8CA07072,H,CA,7,REP,5 MEDICAL PLAZA DRIVE,APT 130,ROSEVILLE,CA,95661, $-   , $-   ," $159,685.50 "," $14,646.00 "," $174,331.50 ", $-   , $-   ," $7,506.24 ", $-   ," $140,000.00 ", $-   , $109.78 , $-   
171,0.0,https://classic.fec.gov/fecviewer/CandidateCommitteeDetail.do?candidateCommitteeId=H8NY27143&tabIndex=1,"STANKEVICH, NICHOLAS RICHARD MR.",H8NY27143,H,NY,27,DEM,P.O. BOX 321,,MUMFORD,NY,14511, $-   , $-   ," $23,470.00 "," $10,591.20 "," $34,061.20 "," $2,000.00 ", $-   , $-   , $-   , $-   ," $60,000.00 ", $-   , $-   
172,2470094.8,https://classic.fec.gov/fecviewer/CandidateCommitteeDetail.do?candidateCommitteeId=H8OH08071&tabIndex=1,"JONES, THEODORE",H8OH08071,H,OH,8,DEM,9608 AUGUSTA LANE,,PIQUA,OH,45356," $1,305.00 ",," $5,152.00 ", $-   ," $5,152.00 ", $-   , $200.00 , $-   , $-   , $-   , $-   , $-   , $-   
173,53940.0,https://classic.fec.gov/fecviewer/CandidateCommitteeDetail.do?candidateCommitteeId=H8MD06226&tabIndex=1,"ROHRS, BRADLEY STEPHEN",H8MD06226,H,MD,6,REP,"13017 WISTERIA DRIVE, SUITE 392",,GERMANTOWN,MD,20874," $2,878.30 "," $2,300.00 "," $7,450.00 ", $245.00 ," $7,695.00 ", $-   , $-   , $-   , $-   ," $2,300.00 ", $-   , $-   , $-   
174,177938.6,https://classic.fec.gov/fecviewer/CandidateCommitteeDetail.do?candidateCommitteeId=S8DE00111&tabIndex=1,"BOOKER, TYKIEM",S8DE00111,S,DE,0,DEM,313 5TH AVE,,WILMINGTON,DE,19805, $-   , $-   , $-   , $-   , $-   , $-   , $-   , $-   , $-   , $-   , $-   , $-   , $-   
175,1103297.4,https://classic.fec.gov/fecviewer/CandidateCommitteeDetail.do?candidateCommitteeId=H6FL18097&tabIndex=1,"MAST, BRIAN",H6FL18097,H,FL,18,REP,PO BOX 3016,,STUART,FL,34995," $167,492.62 ", $-   ," $2,470,094.82 "," $1,875,276.12 "," $4,345,370.94 "," $1,135,945.70 ", $-   , $-   ," $606,229.58 ", $-   , $-   ," $2,789.70 "," $29,942.03 "
176,193850.0,https://classic.fec.gov/fecviewer/CandidateCommitteeDetail.do?candidateCommitteeId=H8CA50163&tabIndex=1,"WELLS, WILLIAM",H8CA50163,H,CA,50,REP,181 REA AVE,UNIT D,EL CAJON,CA,92020," $6,292.81 ", $-   ," $53,940.00 "," $3,205.75 "," $57,145.75 ", $-   , $-   , $-   , $-   , $-   , $-   , $-   , $-   
177,0.0,https://classic.fec.gov/fecviewer/CandidateCommitteeDetail.do?candidateCommitteeId=H0CA10073&tabIndex=1,"DESAULNIER, MARK",H0CA10073,H,CA,11,DEM,PO BOX 6066,,CONCORD,CA,94524," $311,530.46 ", $-   ," $177,938.55 "," $51,911.24 "," $229,849.79 "," $344,100.00 ", $-   , $-   , $-   , $-   , $-   ," $2,092.14 ", $-   
178,0.0,https://classic.fec.gov/fecviewer/CandidateCommitteeDetail.do?candidateCommitteeId=H0MN01045&tabIndex=1,"HAGEDORN, JAMES",H0MN01045,H,MN,1,REP,PO BOX 63,,BLUE EARTH,MN,56013," $1,091.73 "," $54,149.23 "," $1,103,297.42 "," $124,605.08 "," $1,227,902.50 "," $369,629.11 "," $15,667.20 ", $-   , $-   , $-   , $-   , $341.91 , $-   
179,0.0,https://classic.fec.gov/fecviewer/CandidateCommitteeDetail.do?candidateCommitteeId=H8FL15222&tabIndex=1,"COMBEE, NEIL",H8FL15222,H,FL,15,REP,16000 ROCKRIDGE ROAD,,POLK CITY,FL,33868, $87.52 , $-   ," $193,850.00 "," $11,315.00 "," $205,165.00 "," $12,500.00 ", $-   , $-   , $-   , $-   , $-   , $-   , $-   
180,3163.0,https://classic.fec.gov/fecviewer/CandidateCommitteeDetail.do?candidateCommitteeId=H2OH02077&tabIndex=1,"CONDIT, JR., JIM",H2OH02077,H,OH,2,GRE,4575 FAIRVIEW LANE,,CINCINNATI,OH,45247, $-   , $-   , $-   , $-   , $-   , $-   , $-   , $-   , $-   , $-   , $-   , $-   , $-   
181,6142.0,https://classic.fec.gov/fecviewer/CandidateCommitteeDetail.do?candidateCommitteeId=H6OH05097&tabIndex=1,"NEU, JAMES, JR.",H6OH05097,H,OH,5,DEM,7243 STARLAWN ROAD,,PERRYSBURG,OH,43551, $-   , $-   , $-   , $-   , $-   , $-   , $-   , $-   , $-   , $-   , $-   , $-   , $-   
182,54522.8,https://classic.fec.gov/fecviewer/CandidateCommitteeDetail.do?candidateCommitteeId=H8CA36196&tabIndex=1,"BENTLEY, ROBERT",H8CA36196,H,CA,36,REP,PO BOX 392,,DESERT HOT SPRINGS,CA,92240, $60.00 , $-   , $-   , $0.90 , $-   , $-   , $-   , $110.00 , $-   , $-   , $-   , $-   , $-   
183,20522361.5,https://classic.fec.gov/fecviewer/CandidateCommitteeDetail.do?candidateCommitteeId=H8CA29100&tabIndex=1,"DUENAS, ANGELICA",H8CA29100,H,CA,29,GRE,PO BOX 862,,SUN VALLEY,CA,91353, $(14.18), $-   ," $3,163.00 "," $3,723.85 "," $6,886.85 ", $-   , $200.00 , $381.55 , $-   , $-   , $-   , $-   , $-   
184,11297014.6,https://classic.fec.gov/fecviewer/CandidateCommitteeDetail.do?candidateCommitteeId=H8FL18036&tabIndex=1,"CUMMINGS, DAVE",H8FL18036,H,FL,18,REP,PO BOX 1192,,FORT PIERCE,FL,34954," $5,552.46 ", $-   ," $6,142.00 "," $1,080.00 "," $7,222.00 ", $-   , $-   ," $16,040.00 ", $-   , $-   , $-   , $-   , $-   
185,6096913.6,https://classic.fec.gov/fecviewer/CandidateCommitteeDetail.do?candidateCommitteeId=H8NY01189&tabIndex=1,"DIMASI, ELAINE DR. PHD",H8NY01189,H,NY,1,DEM,243 DEER ROAD,,RONKONKOMA,NY,11779," $3,662.71 ", $71.68 ," $54,522.79 "," $29,406.32 "," $83,929.11 ", $-   , $-   , $4.00 , $-   ," $20,198.81 ", $-   , $71.68 , $-   
186,12194290.4,https://classic.fec.gov/fecviewer/CandidateCommitteeDetail.do?candidateCommitteeId=S6MO00305&tabIndex=1,"MCCASKILL, CLAIRE",S6MO00305,S,MO,0,DEM,PO BOX 300077,,ST. LOUIS,MO,63130," $241,328.55 ", $-   ," $20,522,361.52 "," $11,507,280.99 "," $32,029,648.51 "," $2,401,313.57 ", $-   ," $174,288.12 "," $2,963,215.80 ", $-   , $-   ," $138,395.68 "," $7,781.97 "
187,3769138.4,https://classic.fec.gov/fecviewer/CandidateCommitteeDetail.do?candidateCommitteeId=S6MT00162&tabIndex=1,"TESTER, JON",S6MT00162,S,MT,0,DEM,709 SON LANE,,BIG SANDY,MT,59520," $480,573.87 ", $-   ," $11,297,014.55 "," $3,737,087.87 "," $15,034,106.42 "," $2,417,939.00 ", $-   , $-   ," $1,190,926.45 ", $-   , $-   ," $2,784.37 "," $40,848.19 "
188,0.0,https://classic.fec.gov/fecviewer/CandidateCommitteeDetail.do?candidateCommitteeId=S6NJ00289&tabIndex=1,"MENENDEZ, ROBERT",S6NJ00289,S,NJ,0,DEM,ONE GATEWAY CENTER SUITE 520,,NEWARK,NJ,7102," $219,431.60 ", $-   ," $6,096,913.56 "," $225,520.47 "," $6,322,437.03 "," $1,525,118.62 "," $5,000.00 ", $-   ," $1,713,098.74 ", $-   , $-   ," $3,800.29 "," $9,729.68 "
189,5642.0,https://classic.fec.gov/fecviewer/CandidateCommitteeDetail.do?candidateCommitteeId=S6OH00163&tabIndex=1,"BROWN, SHERROD",S6OH00163,S,OH,0,DEM,37905 HERON LN,,AVON LAKE,OH,44011," $1,371,245.26 ", $-   ," $12,194,290.42 "," $5,233,663.16 "," $17,427,954.58 "," $2,552,879.50 ", $-   , $-   ," $2,734,077.17 ", $-   , $-   ," $3,329.50 "," $48,309.70 "
190,311915.5,https://classic.fec.gov/fecviewer/CandidateCommitteeDetail.do?candidateCommitteeId=S6RI00221&tabIndex=1,"WHITEHOUSE, SHELDON II",S6RI00221,S,RI,0,DEM,PO BOX 40280,,PROVIDENCE,RI,2940," $768,759.81 ", $-   ," $3,769,138.44 "," $95,846.00 "," $3,864,984.44 "," $1,052,710.53 "," $4,520.00 ", $-   ," $259,507.83 ", $-   , $-   ," $8,119.76 ", $349.74 
191,40904.0,https://classic.fec.gov/fecviewer/CandidateCommitteeDetail.do?candidateCommitteeId=H8CA25090&tabIndex=1,"FLEMING, DANIEL",H8CA25090,H,CA,25,DEM,10351 ODESSA AVE.,,GRANADA HILLS,CA,91344, $-   , $-   , $-   , $-   , $-   , $-   , $-   , $-   , $-   , $-   , $-   , $-   , $-   
192,13503.0,https://classic.fec.gov/fecviewer/CandidateCommitteeDetail.do?candidateCommitteeId=H8NC13075&tabIndex=1,"BAILEY, THOMAS AARON",H8NC13075,H,NC,13,LIB,110 ODELL ST,,GREENSBORO,NC,27403, $-   , $-   ," $5,642.00 ", $-   , $-   , $13.00 , $-   , $200.00 , $-   , $-   , $-   , $-   , $-   
193,24480.0,https://classic.fec.gov/fecviewer/CandidateCommitteeDetail.do?candidateCommitteeId=H8ND00104&tabIndex=1,"CAMPBELL, TOM",H8ND00104,H,ND,0,REP,700 9TH ST S,,FARGO,ND,58103," $102,704.00 ", $-   ," $311,915.53 "," $141,413.34 "," $453,329.87 "," $1,350.00 ", $-   , $-   , $-   ," $745,000.00 ", $-   ," $1,379.00 ", $1.00 
194,19700.0,https://classic.fec.gov/fecviewer/CandidateCommitteeDetail.do?candidateCommitteeId=H8NH01228&tabIndex=1,"MACKENZIE, MARK S",H8NH01228,H,NH,1,DEM,319 WEST ERIE STREET,,MANCHESTER,NH,3102, $(481.89), $(345.20)," $40,904.00 "," $12,010.02 "," $52,914.02 "," $48,732.36 ", $-   ," $50,303.00 ", $-   ," $200,000.00 ", $-   , $131.67 , $-   
195,14788020.3,https://classic.fec.gov/fecviewer/CandidateCommitteeDetail.do?candidateCommitteeId=S8CA00606&tabIndex=1,"LITTLE, PATRICK",S8CA00606,S,CA,0,REP,735 WEST END WAY #104,,ALBANY,CA,94706, $445.00 , $-   ," $13,503.00 ", $50.00 ," $13,553.00 ", $-   , $100.00 , $-   , $-   , $-   , $-   , $-   , $-   
196,649756.6,https://classic.fec.gov/fecviewer/CandidateCommitteeDetail.do?candidateCommitteeId=S4NE00157&tabIndex=1,"WATSON, TODD",S4NE00157,S,NE,0,REP,2855 S 70TH #200,,LINCOLN,NE,68506, $-   ," $21,299.00 "," $24,480.00 "," $4,043.00 "," $28,523.00 ", $-   , $-   , $-   , $-   ," $35,800.00 ", $-   , $-   , $-   
197,110976.0,https://classic.fec.gov/fecviewer/CandidateCommitteeDetail.do?candidateCommitteeId=H8KS03080&tabIndex=1,"MCCONNELL, JOSEPH",H8KS03080,H,KS,3,DEM,PO BOX 11426,,OVERLAND PARK,KS,66207, $-   , $-   ," $19,700.00 "," $5,457.63 "," $25,157.63 ", $-   , $-   ," $11,025.00 ", $-   , $-   , $-   , $-   , $-   
198,2709877.1,https://classic.fec.gov/fecviewer/CandidateCommitteeDetail.do?candidateCommitteeId=S2WI00219&tabIndex=1,"BALDWIN, TAMMY",S2WI00219,S,WI,0,DEM,,,MADISON,WI,," $142,193.20 ", $-   ," $14,788,020.33 "," $9,443,424.45 "," $24,231,447.78 "," $1,881,644.77 ", $100.00 , $-   ," $1,490,494.35 ", $-   , $-   ," $155,160.75 ", $-   
199,572000.0,https://classic.fec.gov/fecviewer/CandidateCommitteeDetail.do?candidateCommitteeId=H2GA12121&tabIndex=1,"ALLEN, RICHARD W",H2GA12121,H,GA,12,REP,2237 PICKENS RD,,AUGUSTA,GA,30904," $80,757.79 "," $1,125,000.00 "," $649,756.60 "," $63,310.15 "," $713,066.75 "," $409,492.00 ", $-   , $-   , $-   , $-   , $-   ," $2,065.16 ", $-   
200,3606709.4,https://classic.fec.gov/fecviewer/CandidateCommitteeDetail.do?candidateCommitteeId=H8FL21055&tabIndex=1,"JETTA, KURT",H8FL21055,H,FL,21,REP,1022 DEL HARBOUR DRIVE,,DELRAY BEACH,FL,33843, $-   ," $250,000.00 "," $110,976.00 "," $4,431.18 "," $115,407.18 ", $-   , $-   ," $129,309.70 ", $-   ," $250,000.00 ", $-   , $0.79 , $-   
201,380268.3,https://classic.fec.gov/fecviewer/CandidateCommitteeDetail.do?candidateCommitteeId=H8FL26039&tabIndex=1,"MUCARSEL-POWELL, DEBBIE",H8FL26039,H,FL,26,DEM,PO BOX 566442,,MIAMI,FL,33256," $39,817.47 ", $-   ," $2,709,877.13 "," $706,239.19 "," $3,416,116.32 "," $476,474.03 "," $14,838.27 "," $1,000.00 "," $745,876.77 ", $-   , $-   ," $1,116.91 ", $-   
202,560887.2,https://classic.fec.gov/fecviewer/CandidateCommitteeDetail.do?candidateCommitteeId=H8FL27037&tabIndex=1,"BARREIRO, BRUNO",H8FL27037,H,FL,27,REP,PO BOX 453308,,MIAMI,FL,332453308," $102,204.86 ", $-   ," $572,000.00 "," $4,578.00 "," $576,578.00 "," $2,000.00 ", $-   , $-   , $-   , $-   , $-   , $-   , $-   
203,0.0,https://classic.fec.gov/fecviewer/CandidateCommitteeDetail.do?candidateCommitteeId=H8WA05193&tabIndex=1,"BROWN, LISA",H8WA05193,H,WA,5,DEM,PO BOX 154,,SPOKANE,WA,99210," $54,377.84 ", $-   ," $3,606,709.36 "," $1,375,664.80 "," $4,982,374.16 "," $477,670.89 "," $7,313.37 ", $76.15 ," $294,905.40 ", $-   , $-   ," $1,543.19 ", $100.00 
204,2905245.0,https://classic.fec.gov/fecviewer/CandidateCommitteeDetail.do?candidateCommitteeId=S4MS00120&tabIndex=1,"MCDANIEL, CHRISTOPHER BRIAN",S4MS00120,S,MS,0,REP,414 W OAK ST,,LAUREL,MS,39440," $7,866.46 "," $55,000.00 "," $380,268.26 "," $223,032.41 "," $603,300.67 "," $9,150.00 "," $1,000.00 ", $-   , $-   ," $55,000.00 ", $-   , $255.00 , $-   
205,539011.5,https://classic.fec.gov/fecviewer/CandidateCommitteeDetail.do?candidateCommitteeId=H8CA45155&tabIndex=1,"HAMADANCHY, KIA",H8CA45155,H,CA,45,DEM,PO BOX 6265,,IRVINE,CA,92616, $-   , $-   ," $560,887.15 "," $82,935.66 "," $643,822.81 "," $11,000.00 ", $-   , $-   , $-   , $-   , $-   , $229.84 , $-   
206,261536.3,https://classic.fec.gov/fecviewer/CandidateCommitteeDetail.do?candidateCommitteeId=H8NE01099&tabIndex=1,"SVOBODA, STEVE",H8NE01099,H,NE,1,DEM,3215 N 75TH ST,,LINCOLN,NE,685072188, $-   , $-   , $-   , $-   , $-   , $-   , $-   , $-   , $-   ," $24,697.00 ", $-   , $-   , $-   
207,2545457.6,https://classic.fec.gov/fecviewer/CandidateCommitteeDetail.do?candidateCommitteeId=S8AL00308&tabIndex=1,"STRANGE, LUTHER J III",S8AL00308,S,AL,0,REP,1830 29TH AVENUE SOUTH,SUITE 465,HOMEWOOD,AL,35209," $127,802.98 "," $236,874.43 "," $2,905,245.00 "," $49,383.00 "," $2,954,628.00 "," $1,712,076.00 "," $47,400.00 "," $100,000.00 "," $271,840.00 ", $-   ," $245,000.00 "," $161,252.00 ", $700.00 
208,4000.0,https://classic.fec.gov/fecviewer/CandidateCommitteeDetail.do?candidateCommitteeId=H8PA04116&tabIndex=1,"DEAN, MADELEINE",H8PA04116,H,PA,4,DEM,795 GLEN RD,,JENKINTOWN,PA,19046," $144,526.31 "," $192,500.00 "," $539,011.45 "," $100,684.11 "," $639,695.56 "," $487,949.56 ", $-   ," $3,428.78 "," $25,054.14 "," $275,000.00 ", $-   ," $1,078.75 ", $62.85 
209,0.0,https://classic.fec.gov/fecviewer/CandidateCommitteeDetail.do?candidateCommitteeId=H8PA05295&tabIndex=1,"KIM, PEARL",H8PA05295,H,PA,5,REP,A301 SUMMIT DRIVE,,BRYN MAWR,PA,19010, $-   , $-   ," $261,536.34 "," $39,593.42 "," $301,129.76 "," $19,783.25 ", $200.00 , $-   , $-   ," $199,999.94 ", $-   , $150.00 , $-   
210,0.0,https://classic.fec.gov/fecviewer/CandidateCommitteeDetail.do?candidateCommitteeId=H8PA06087&tabIndex=1,"HOULAHAN, CHRISSY",H8PA06087,H,PA,6,DEM,PO BOX 222,,DEVON,DC,19333," $952,055.91 ", $-   ," $2,545,457.64 "," $494,898.76 "," $3,040,356.40 "," $659,894.96 ", $512.69 , $-   ," $598,933.84 "," $50,000.00 ", $-   ," $3,455.65 "," $1,295.96 "
211,1300.0,https://classic.fec.gov/fecviewer/CandidateCommitteeDetail.do?candidateCommitteeId=H8TX10094&tabIndex=1,"DEGROW, RICHIE",H8TX10094,H,TX,10,DEM,6818 HANOVER LN,,AUSTIN,TX,78723, $8.00 , $-   ," $4,000.00 ", $803.00 ," $4,803.00 ", $-   , $-   ," $1,273.13 ", $-   , $-   , $-   , $-   , $-   
212,1271.0,https://classic.fec.gov/fecviewer/CandidateCommitteeDetail.do?candidateCommitteeId=H8TX32130&tabIndex=1,"HENRY, DAVID DEAN",H8TX32130,H,TX,32,DEM,5426 MEADOWCREEK DRIVE,#1003A,DALLAS,TX,75248, $-   , $-   , $-   , $-   , $-   , $-   , $-   , $-   , $-   , $-   , $-   , $-   , $-   
213,0.0,https://classic.fec.gov/fecviewer/CandidateCommitteeDetail.do?candidateCommitteeId=H6TX01253&tabIndex=1,"CULLER, ANTHONY PATRICK",H6TX01253,H,TX,1,REP,PO BOX 6540,,TYLER,TX,75711, $-   , $-   , $-   , $-   , $-   , $-   , $-   , $-   , $-   , $-   , $-   , $-   , $-   
214,5462.0,https://classic.fec.gov/fecviewer/CandidateCommitteeDetail.do?candidateCommitteeId=H8NJ07256&tabIndex=1,"MOXLEY, DIANE",H8NJ07256,H,NJ,7,GRE,227 4TH AVE,,GARWOOD,NJ,7027, $501.00 , $-   ," $1,300.00 "," $2,482.00 "," $3,782.00 ", $-   ," $1,525.00 ", $-   , $-   , $-   , $-   , $424.00 , $-   
215,19671.0,https://classic.fec.gov/fecviewer/CandidateCommitteeDetail.do?candidateCommitteeId=H4KY06163&tabIndex=1,"YOUNG, GEOFFREY M",H4KY06163,H,KY,6,DEM,454 KIMBERLY PLACE,,LEXINGTON,KY,40503, $-   , $-   ," $1,271.00 ", $-   ," $1,054.00 ", $-   , $-   , $508.00 , $-   ," $8,600.00 ", $-   , $400.00 , $5.37 
216,113883.0,https://classic.fec.gov/fecviewer/CandidateCommitteeDetail.do?candidateCommitteeId=H4NJ01142&tabIndex=1,"TOMASZEWSKI, SCOT JOHN",H4NJ01142,H,NJ,1,DEM,706 PARK BOULEVARD,,CHERRY HILL,NJ,8003, $-   ," $65,612.00 ", $-   , $-   , $-   , $-   , $-   ," $34,618.00 ", $-   ," $65,612.00 ", $-   , $-   , $-   
217,2100.0,https://classic.fec.gov/fecviewer/CandidateCommitteeDetail.do?candidateCommitteeId=H8NY01171&tabIndex=1,"HENRY, BRENDON T",H8NY01171,H,NY,1,DEM,141 OLD NECK ROAD,,CENTER MORICHES,NY,11934," $1,868.00 ", $-   ," $5,462.00 "," $8,418.00 "," $13,038.00 ", $-   , $-   , $-   , $-   , $-   , $-   , $-   , $-   
218,4450.0,https://classic.fec.gov/fecviewer/CandidateCommitteeDetail.do?candidateCommitteeId=S8WA00236&tabIndex=1,"HOFFMAN, STEVE",S8WA00236,S,WA,0,OTH,5018 RAINIER AVE S,,SEATTLE,WA,98118, $-   , $-   ," $19,671.00 "," $8,375.00 "," $28,046.00 ", $350.00 , $-   , $110.00 , $-   , $-   , $-   , $-   , $2.79 
219,853876.1,https://classic.fec.gov/fecviewer/CandidateCommitteeDetail.do?candidateCommitteeId=H8WI07104&tabIndex=1,"EWERT, BRIAN",H8WI07104,H,WI,7,DEM,PO BOX 1017,,MARSHFIELD,WI,54449," $7,306.10 "," $58,556.61 "," $113,883.00 "," $28,110.73 "," $141,993.73 "," $3,570.00 ", $-   ," $10,025.00 ", $-   ," $65,000.00 ", $-   , $-   , $233.65 
220,0.0,https://classic.fec.gov/fecviewer/CandidateCommitteeDetail.do?candidateCommitteeId=S8WA00244&tabIndex=1,"GIBSON, JOSEPH",S8WA00244,S,WA,0,REP,12001 NE 96TH AVE,,VANCOUVER,WA,98662," $1,862.00 ", $-   ," $2,100.00 "," $8,688.00 "," $10,788.00 ", $-   , $-   , $-   , $-   , $-   , $-   , $-   , $-   
221,0.0,https://classic.fec.gov/fecviewer/CandidateCommitteeDetail.do?candidateCommitteeId=H8AZ08141&tabIndex=1,"ALLEN, CHAD",H8AZ08141,H,AZ,8,REP,5115 N DYSART STE 202 #196,,LITCHFIELD PARK,AZ,85340, $-   , $-   ," $4,450.00 ", $175.00 ," $4,625.00 ", $-   , $-   ," $28,386.58 ", $-   , $-   , $-   , $-   , $-   
222,900.0,https://classic.fec.gov/fecviewer/CandidateCommitteeDetail.do?candidateCommitteeId=H8VA11062&tabIndex=1,"CONNOLLY, GERALD EDWARD",H8VA11062,H,VA,11,DEM,3315 MANTUA DR,,FAIRFAX,VA,22031," $2,705,104.64 ", $-   ," $853,876.13 "," $283,218.83 "," $1,137,094.96 "," $907,496.25 "," $10,000.00 ", $-   , $-   , $-   , $-   ," $4,239.38 "," $19,528.06 "
223,4250.0,https://classic.fec.gov/fecviewer/CandidateCommitteeDetail.do?candidateCommitteeId=H8IL12087&tabIndex=1,"COLOMBO, NATHAN CHARLES MR",H8IL12087,H,IL,12,DEM,229 HUNT RD,,CARBONDALE,IL,62902, $-   , $-   , $-   , $-   , $-   , $-   , $-   , $-   , $-   , $-   , $-   , $-   , $-   
224,0.0,https://classic.fec.gov/fecviewer/CandidateCommitteeDetail.do?candidateCommitteeId=H8CA37301&tabIndex=1,"ALEMAYHU, TED",H8CA37301,H,CA,39,OTH,PO BOX 9782,,LOS ANGELES,CA,90036, $-   , $-   , $-   , $-   , $-   , $-   , $-   , $-   , $-   , $-   , $-   , $-   , $-   
225,0.0,https://classic.fec.gov/fecviewer/CandidateCommitteeDetail.do?candidateCommitteeId=H8CA07064&tabIndex=1,"WESTMORELAND, BRAD",H8CA07064,H,CA,7,DEM,PO BOX 580488,,ELK GROVE,CA,95758, $-   , $-   , $900.00 , $912.10 ," $1,812.10 ", $500.00 , $-   , $269.85 , $-   , $-   , $-   , $-   , $-   
226,0.0,https://classic.fec.gov/fecviewer/CandidateCommitteeDetail.do?candidateCommitteeId=H8IL04167&tabIndex=1,"LOPEZ, RAYMOND ANTHONY MR.",H8IL04167,H,IL,4,DEM,4322 S. ARTESIAN AVENUE,,CHICAGO,IL,60632, $-   , $-   ," $4,250.00 ", $100.00 ," $4,350.00 ", $-   , $-   , $-   , $-   , $-   , $-   , $-   , $-   
227,56205.0,https://classic.fec.gov/fecviewer/CandidateCommitteeDetail.do?candidateCommitteeId=S8CA00366&tabIndex=1,"SCHRADER, STEPHEN JAMES",S8CA00366,S,CA,0,REP,11150 CITRUS DR #22,,VENTURA,CA,93004, $-   , $-   , $-   , $-   , $-   , $-   , $-   , $-   , $-   , $-   , $-   , $-   , $-   
228,7040.0,https://classic.fec.gov/fecviewer/CandidateCommitteeDetail.do?candidateCommitteeId=H8IN05154&tabIndex=1,"EDOM, JEREMY LEE",H8IN05154,H,IN,5,IND,326 N JACKSON ST,,SWEETSER,IN,46987, $-   , $-   , $-   , $-   , $-   , $-   , $-   , $-   , $-   , $-   , $-   , $-   , $-   
229,0.0,https://classic.fec.gov/fecviewer/CandidateCommitteeDetail.do?candidateCommitteeId=H8IN09073&tabIndex=1,"LEINEWEBER, JASON",H8IN09073,H,IN,9,DEM,3317 HARMONY LANE,,CHARLESTOWN,IN,47111, $-   , $-   , $-   , $-   , $-   , $-   , $-   , $-   , $-   , $-   , $-   , $-   , $-   
230,,https://classic.fec.gov/fecviewer/CandidateCommitteeDetail.do?candidateCommitteeId=H8TX07165&tabIndex=1,"SANCHEZ, IVAN",H8TX07165,H,TX,7,DEM,7510 HORNWOOD DRIVE,#1302,HOUSTON,TX,77036, $-   , $-   ," $56,205.00 "," $3,464.00 "," $59,669.00 ", $100.00 , $-   ," $1,381.97 ", $-   ," $3,385.00 ", $-   , $-   , $-   
231,,https://classic.fec.gov/fecviewer/CandidateCommitteeDetail.do?candidateCommitteeId=H8NV02111&tabIndex=1,"FOGARTY, PATRICK",H8NV02111,H,NV,2,DEM,561 KEYSTONE #212,,RENO,NV,89503, $-   , $-   ," $7,040.00 ", $-   ," $7,040.00 ", $-   , $-   ," $10,000.00 ", $-   ," $152,000.00 ", $-   , $-   , $-   
232,,https://classic.fec.gov/fecviewer/CandidateCommitteeDetail.do?candidateCommitteeId=H8ME01195&tabIndex=1,"STANTON, ERIC",H8ME01195,H,ME,1,REP,43 FIELDSTONE RIDGE DRIVE,,CORNISH,ME,4020, $-   , $-   , $-   , $-   , $-   , $-   , $-   , $-   , $-   , $-   , $-   , $-   , $-   
233,,https://classic.fec.gov/fecviewer/CandidateCommitteeDetail.do?candidateCommitteeId=H8NH02242&tabIndex=1,"ODONNELL, JUSTIN",H8NH02242,H,NH,2,LIB,355 MAIN ST,APT 10,NASHUA,NH,3060, $-   , $-   , $-   , $-   , $-   , $-   , $-   , $-   , $-   , $-   , $-   , $-   , $-   
234,,https://classic.fec.gov/fecviewer/CandidateCommitteeDetail.do?candidateCommitteeId=S8MN00552&tabIndex=1,"NEWBERGER, JAMES WALLACE",S8MN00552,S,MN,0,REP,14225 BALSAM BLVD,,BECKER,MN,55308, $79.48 , $-   ," $131,900.50 "," $114,867.26 "," $246,768.76 "," $8,200.00 "," $2,100.00 "," $1,700.00 ", $-   , $-   , $-   , $-   , $-   
235,,https://classic.fec.gov/fecviewer/CandidateCommitteeDetail.do?candidateCommitteeId=H8NH02259&tabIndex=1,"O'DONNELL, JUSTIN FRANCIS",H8NH02259,H,NH,2,LIB,355 MAIN ST,APT 10,NASHUA,NH,3060, $-   , $-   , $-   , $-   , $-   , $-   , $-   , $-   , $-   , $-   , $-   , $-   , $-   
236,,https://classic.fec.gov/fecviewer/CandidateCommitteeDetail.do?candidateCommitteeId=H8OH14129&tabIndex=1,"CARP, EVAN",H8OH14129,H,OH,14,REP,8527 STONE RD,,INDEPENDENCE,OH,44131, $-   , $-   , $-   , $-   , $-   , $-   , $-   , $-   , $-   , $-   , $-   , $-   , $-   
237,,https://classic.fec.gov/fecviewer/CandidateCommitteeDetail.do?candidateCommitteeId=H8SD01063&tabIndex=1,"KREBS, SHANTEL",H8SD01063,H,SD,0,REP,PO BOX 286,,SIOUX FALLS,SD,57101," $26,675.27 ", $-   ," $589,817.79 "," $60,520.00 "," $650,337.79 "," $32,850.00 ", $-   ," $1,686.69 ", $-   , $-   , $-   , $-   , $291.67 
238,,https://classic.fec.gov/fecviewer/CandidateCommitteeDetail.do?candidateCommitteeId=H8SC04292&tabIndex=1,"BELL, BARRY",H8SC04292,H,SC,4,REP,16149 ASHVEILLE HWY,,CAMPOBELLO,SC,29322," $1,307.39 "," $1,300.00 "," $1,500.00 "," $1,120.41 "," $2,620.41 ", $-   , $-   , $-   , $-   ," $3,000.00 ", $-   , $-   , $-   
239,,https://classic.fec.gov/fecviewer/CandidateCommitteeDetail.do?candidateCommitteeId=H8TX19103&tabIndex=1,"EPSTEIN, DANIEL JACOB",H8TX19103,H,TX,19,DEM,3813 35TH ST.,,LUBBOCK,TX,79413, $310.82 , $-   ," $12,061.00 "," $21,595.47 "," $33,656.47 ", $-   ," $4,300.00 "," $1,398.11 ", $-   , $520.00 , $-   , $-   , $-   
240,,https://classic.fec.gov/fecviewer/CandidateCommitteeDetail.do?candidateCommitteeId=H8NY23142&tabIndex=1,"GALLANT, RICK",H8NY23142,H,NY,23,DEM,PO BOX 227,,PAINTED POST,NY,14870," $(5,422.08)", $-   ," $11,440.54 "," $9,087.20 "," $20,527.74 "," $4,441.71 ", $-   ," $6,800.27 ", $-   ," $12,500.00 ", $-   , $-   , $-   
241,,https://classic.fec.gov/fecviewer/CandidateCommitteeDetail.do?candidateCommitteeId=H8FL26013&tabIndex=1,"SMITH, STEPHEN ROGER MR.",H8FL26013,H,FL,26,DEM,17460 SW 154TH PL,,MIAMI,FL,33187, $-   , $-   , $-   , $-   , $-   , $-   , $-   , $-   , $-   , $-   , $-   , $-   , $-   
242,,https://classic.fec.gov/fecviewer/CandidateCommitteeDetail.do?candidateCommitteeId=H8TX11092&tabIndex=1,"CASAS, MASON",H8TX11092,H,TX,11,DEM,310 NORTH BAKER ST,,GRANBURY,TX,76048, $414.31 , $410.00 , $-   , $-   , $-   , $-   , $492.72 , $-   , $-   , $410.00 , $-   , $-   , $-   
243,,https://classic.fec.gov/fecviewer/CandidateCommitteeDetail.do?candidateCommitteeId=H8OH11281&tabIndex=1,"BELL, JAMES JEROME MR.",H8OH11281,H,OH,11,IND,11104 WOODSTOCK AVENUE,,CLEVELAND,OH,44104, $-   , $-   , $-   , $-   , $-   , $-   , $-   , $-   , $-   , $-   , $-   , $-   , $-   
244,,https://classic.fec.gov/fecviewer/CandidateCommitteeDetail.do?candidateCommitteeId=H8GA07151&tabIndex=1,"KIM, DAVID",H8GA07151,H,GA,7,DEM,PO BOX 4507,,SUWANEE,GA,30024," $16,986.28 "," $475,000.00 "," $257,811.00 "," $18,796.50 "," $276,607.50 ", $500.00 , $-   ," $478,388.88 ", $-   ," $736,100.00 ", $-   ," $56,212.12 ", $-   
245,,https://classic.fec.gov/fecviewer/CandidateCommitteeDetail.do?candidateCommitteeId=H8OR03060&tabIndex=1,"BARNETT, CHARLES RAND",H8OR03060,H,OR,3,DEM,4585 SW JULIA ST,,PORTLAND,OR,97221, $95.74 , $-   , $-   , $-   , $-   , $-   , $-   ," $8,648.26 ", $-   , $-   , $-   , $-   , $-   
246,,https://classic.fec.gov/fecviewer/CandidateCommitteeDetail.do?candidateCommitteeId=H8OR04159&tabIndex=1,"ARCANGEL, DANIEL R",H8OR04159,H,OR,4,DEM,168 ASH CREEK DR E,,MONMOUTH,OR,97361, $167.75 , $-   , $-   , $50.00 , $50.00 , $-   , $-   , $330.00 , $-   , $-   , $-   , $-   , $-   
247,,https://classic.fec.gov/fecviewer/CandidateCommitteeDetail.do?candidateCommitteeId=H8GA07193&tabIndex=1,"HAZEL, SHANE",H8GA07193,H,GA,7,REP,2300 BETHELVIEW RD,#110-183,CUMMING,GA,30040, $-   , $-   ," $35,496.63 "," $23,879.94 "," $59,376.57 ", $100.00 , $-   , $-   , $-   , $-   , $-   , $102.56 , $-   
248,,https://classic.fec.gov/fecviewer/CandidateCommitteeDetail.do?candidateCommitteeId=H8GA13043&tabIndex=1,"AKINKUGBE, FEMI",H8GA13043,H,GA,13,REP,,,STOCKBRIDGE,GA,, $-   , $-   , $-   , $-   , $-   , $-   , $-   , $-   , $-   , $-   , $-   , $-   , $-   
249,,https://classic.fec.gov/fecviewer/CandidateCommitteeDetail.do?candidateCommitteeId=H8OR05107&tabIndex=1,"SCHRADER, KURT",H8OR05107,H,OR,5,DEM,2525 N BAKER,,CANBY,OR,97013," $2,420,380.51 ", $-   ," $544,533.21 "," $59,700.49 "," $604,233.70 "," $1,463,905.69 ", $16.33 , $-   , $-   , $-   , $-   ," $10,636.44 "," $1,746.30 "
250,,https://classic.fec.gov/fecviewer/CandidateCommitteeDetail.do?candidateCommitteeId=H8PA01245&tabIndex=1,"LAWRENCE, MICHELE",H8PA01245,H,PA,2,DEM,2553 E NORRIS ST,,PHILADELPHIA,PA,19125," $39,530.15 "," $331,440.66 "," $19,350.00 "," $6,832.00 "," $26,182.09 "," $1,000.00 ", $-   , $-   , $-   ," $312,000.00 ", $-   , $-   , $5.40 
251,,https://classic.fec.gov/fecviewer/CandidateCommitteeDetail.do?candidateCommitteeId=H8WA08114&tabIndex=1,"AHN, POGA",H8WA08114,H,WA,8,DEM,PO BOX 9100,,SEATTLE,WA,98109, $-   , $-   , $-   , $893.80 , $893.80 , $-   , $-   ," $3,010.49 ", $-   , $-   , $-   , $-   , $-   
252,,https://classic.fec.gov/fecviewer/CandidateCommitteeDetail.do?candidateCommitteeId=H8IL16112&tabIndex=1,"MARSHALL, ZANE EDWARD",H8IL16112,H,IL,16,REP,418 SOUTH FIRST ST APT F,,ROCKFORD,IL,61104, $-   , $-   , $-   , $-   , $-   , $-   , $-   , $-   , $-   , $-   , $-   , $-   , $-   
253,,https://classic.fec.gov/fecviewer/CandidateCommitteeDetail.do?candidateCommitteeId=S8CA00341&tabIndex=1,"HODGE, CHARLES JUNIOR",S8CA00341,S,CA,0,IND,2351 WYDA WAY APART 1115,,SACRAMENTO,CA,95825, $-   , $-   , $-   , $-   , $-   , $-   , $-   , $-   , $-   , $-   , $-   , $-   , $-   
254,,https://classic.fec.gov/fecviewer/CandidateCommitteeDetail.do?candidateCommitteeId=H8OH01126&tabIndex=1,"SETA, ANTHONY J.",H8OH01126,H,OH,1,GRE,"8041 PIPPIN ROAD, #2",,CINCINNATI,OH,45239, $-   , $-   , $-   , $-   , $-   , $-   , $-   , $-   , $-   , $-   , $-   , $-   , $-   
255,,https://classic.fec.gov/fecviewer/CandidateCommitteeDetail.do?candidateCommitteeId=H8OH11323&tabIndex=1,"ROSS, FELICIA WASHINGTON",H8OH11323,H,OH,11,DEM,97 E INTERSTATE STREET,,BEDFORD,OH,44146, $-   , $-   , $-   , $-   , $-   , $-   , $-   , $-   , $-   , $-   , $-   , $-   , $-   
256,,https://classic.fec.gov/fecviewer/CandidateCommitteeDetail.do?candidateCommitteeId=H8TX08072&tabIndex=1,"RICKER, SEAN STEWARD",H8TX08072,H,TX,8,REP,PO BOX 294,,PINEHURST,TX,77362, $-   , $-   , $-   , $-   , $-   , $-   , $-   , $-   , $-   , $-   , $-   , $-   , $-   
257,,https://classic.fec.gov/fecviewer/CandidateCommitteeDetail.do?candidateCommitteeId=H8UT01109&tabIndex=1,"BUCHMAN, JOSEPH GEDDES",H8UT01109,H,UT,3,LIB,584 HILLSIDE CIRCLE,,ALPINE,UT,84004, $-   , $-   , $-   , $-   , $-   , $-   , $-   , $-   , $-   , $-   , $-   , $-   , $-   
258,,https://classic.fec.gov/fecviewer/CandidateCommitteeDetail.do?candidateCommitteeId=H8VA05114&tabIndex=1,"HUFFSTETLER, ROGER DEAN RD",H8VA05114,H,VA,5,DEM,PO BOX 1101,,CHARLOTTESVILLE,VA,22902," $7,178.70 ", $-   ," $866,792.45 "," $86,237.55 "," $953,030.00 "," $38,250.00 ", $-   , $-   ," $146,608.46 ", $-   , $-   ," $2,545.72 ", $-   
259,,https://classic.fec.gov/fecviewer/CandidateCommitteeDetail.do?candidateCommitteeId=S8NJ00442&tabIndex=1,"USMAN, MUHAMMAD",S8NJ00442,S,NJ,0,IND,4 PLEASENTVIEW DRIVE,,PISCATAWAY,NJ,8854, $-   , $-   , $-   , $-   , $-   , $-   , $-   , $-   , $-   , $-   , $-   , $-   , $-   
260,,https://classic.fec.gov/fecviewer/CandidateCommitteeDetail.do?candidateCommitteeId=S8TX00327&tabIndex=1,"HERNANDEZ, IRASEMA RAMIREZ",S8TX00327,S,TX,0,DEM,609 HERON LANE,,PASADENA,TX,77502, $-   , $-   , $-   , $-   , $-   , $-   , $-   , $-   , $-   , $-   , $-   , $-   , $-   
261,,https://classic.fec.gov/fecviewer/CandidateCommitteeDetail.do?candidateCommitteeId=S8VT00117&tabIndex=1,"ADELUOLA, FOLASADE",S8VT00117,S,VT,0,DEM,4393 W LAKE POTOMAC VIEW G,,GREENFIELD,IN,46140, $-   , $-   , $-   , $-   , $-   , $-   , $-   , $-   , $-   , $-   , $-   , $-   , $-   
262,,https://classic.fec.gov/fecviewer/CandidateCommitteeDetail.do?candidateCommitteeId=H8UT03055&tabIndex=1,"FRIEDBAUM, JEREMY",H8UT03055,H,UT,3,REP,1072 WEST 1100 NORTH,,PROVO,UT,84604, $-   , $-   , $-   , $-   , $-   , $-   , $-   , $-   , $-   , $-   , $-   , $-   , $-   
263,,https://classic.fec.gov/fecviewer/CandidateCommitteeDetail.do?candidateCommitteeId=H8UT03204&tabIndex=1,"JAVED, FAEIZA",H8UT03204,H,UT,3,DEM,5313 SOUTH COBBLE CREEK ROAD,APT 27E,MURRAY,UT,84117, $-   , $-   , $-   , $-   , $-   , $-   , $-   , $-   , $-   , $-   , $-   , $-   , $-   
264,,https://classic.fec.gov/fecviewer/CandidateCommitteeDetail.do?candidateCommitteeId=H8UT03212&tabIndex=1,"ALDRICH, DEBORAH",H8UT03212,H,UT,3,REP,734 EREKSON COURT,,MURRAY,UT,84107, $-   , $-   , $-   , $-   , $-   , $-   , $-   , $-   , $-   , $-   , $-   , $-   , $-   
265,,https://classic.fec.gov/fecviewer/CandidateCommitteeDetail.do?candidateCommitteeId=H8UT03220&tabIndex=1,"COTTAM, BRINGHAM RHEAD",H8UT03220,H,UT,3,REP,3710 S PEACH STREET,,SALT LAKE CITY,UT,84109, $-   , $-   , $-   , $-   , $-   , $-   , $-   , $-   , $-   , $-   , $-   , $-   , $-   
266,,https://classic.fec.gov/fecviewer/CandidateCommitteeDetail.do?candidateCommitteeId=H8UT03246&tabIndex=1,"FIFE, PAUL DAVID",H8UT03246,H,UT,3,REP,474 SOUTH 300 WEST,,PROVO,UT,84601, $-   , $-   , $-   , $-   , $-   , $-   , $-   , $-   , $-   , $-   , $-   , $-   , $-   
267,,https://classic.fec.gov/fecviewer/CandidateCommitteeDetail.do?candidateCommitteeId=H8UT03279&tabIndex=1,"KUDER, KEITH",H8UT03279,H,UT,3,REP,77 EAST 460 NORTH,,VINEYARD,UT,84058, $-   , $-   , $-   , $-   , $-   , $-   , $-   , $-   , $-   , $-   , $-   , $-   , $-   
268,,https://classic.fec.gov/fecviewer/CandidateCommitteeDetail.do?candidateCommitteeId=H8UT03303&tabIndex=1,"ROW, SHANE HORTON",H8UT03303,H,UT,3,REP,229 EAST HILL AVE APT 1,,SALT LAKE CITY,UT,84107, $-   , $-   , $-   , $-   , $-   , $-   , $-   , $-   , $-   , $-   , $-   , $-   , $-   
269,,https://classic.fec.gov/fecviewer/CandidateCommitteeDetail.do?candidateCommitteeId=H8UT03311&tabIndex=1,"CHRISTENSEN, JASON",H8UT03311,H,UT,3,OTH,941 SOUTH STATE STREET,,PROVO,UT,84606, $-   , $-   , $-   , $-   , $-   , $-   , $-   , $-   , $-   , $-   , $-   , $-   , $-   
270,,https://classic.fec.gov/fecviewer/CandidateCommitteeDetail.do?candidateCommitteeId=H8MD01177&tabIndex=1,"GALBRAITH, ALLISON MS.",H8MD01177,H,MD,1,DEM,PO BOX 25,,FALLSTON,MD,21047, $319.98 , $350.00 ," $33,834.61 "," $76,231.05 "," $110,065.66 ", $-   , $-   , $102.00 , $-   , $350.00 , $-   , $-   , $-   
271,,https://classic.fec.gov/fecviewer/CandidateCommitteeDetail.do?candidateCommitteeId=H8NY27176&tabIndex=1,"MCMURRAY, NATHAN DOUGLAS",H8NY27176,H,NY,27,DEM,1041 FOXCROFT,,GRAND ISLAND,NY,14072," $11,577.01 "," $18,000.00 "," $630,424.39 "," $494,957.19 "," $1,125,381.58 "," $146,565.00 ", $-   , $250.00 , $-   ," $18,000.00 ", $-   , $411.18 ," $13,669.04 "
