Home Address,City,State,Zip,Volunteered in the past,2019 Gift,2018 Gift,2017 Gift,2016 Gift,2015 Gift,2014 Gift,2013 Gift,2012 Gift,2011 Gift,CompTotal,Assigned Target Value,Model Name: ensemble: Donor Probability Score,Model Name: ensemble: Donor Predicted Classification (>= Threshold Value)
6736 Udall   Way,Lisbon,Oregon,68770,False," $96,535.60 "," $35,990.85 "," $65,466.67 "," $74,071.05 "," $43,463.61 "," $91,870.99 "," $98,652.49 "," $16,559.39 "," $75,884.58 ",523,1,0.99,1
6932 Bethwin  Road,Honolulu,Alaska,74240,False," $55,681.79 "," $9,108.68 "," $6,440.71 "," $42,169.22 "," $99,415.06 "," $76,032.01 "," $15,683.99 "," $87,287.97 "," $9,083.66 ",44,1,1.0,1
6620 Enford   Boulevard,Columbus,Utah,29863,False,,,,,,,,,,0,0,0.08,0
8615 Clerkenwell Drive,Fort Lauderdale,Connecticut,74586,False,,,,,,,,,,0,0,0.22,0
7371 Bury  Crossroad,New York,Oregon,58789,False,,,,,,,,,,0,0,0.21,0
8765 South Lane,Omaha,New York,79560,True,,,,,,,,,,0,0,0.17,0
7622 Coborn  Rue,Garland,Florida,44899,True,,,,,,,,,,0,0,0.14,0
4323 Bliss  Grove,Fremont,Iowa,20364,True,,,,,,,,,,116000,0,0.07,0
2516 Monroe Walk,Minneapolis,Connecticut,47742,False,,,,,,,,,,0,0,0.01,0
5936 Bendall   Route,Tallahassee,Florida,15851,True,,,,,,,,,,25000,0,0.07,0
5130 Yoakley Rue,Garland,Colorado,45838,True,,,,,,,,,,31000,0,0.06,0
915 Calvin   Hill,St. Louis,Massachussets,94042,True,,,,,,,,,,1100,0,0.15,0
5996 Cheney  Boulevard,San Francisco,South Dakota,95808,True,,,,,,,,,,3000,0,0.06,0
8714 Beaconsfield  Alley,Escondido,Connecticut,88649,True,,,,,,,,,,66001,0,0.08,0
7526 Carolina  Vale,Jacksonville,Alabama,19625,True,,," $17,489.99 "," $95,855.82 "," $83,463.68 "," $42,076.67 "," $32,014.91 "," $49,960.00 "," $60,798.48 ",0,1,1.0,1
922 Calderwood   Avenue,Berna,Arizona,29163,False,,," $69,117.01 "," $65,335.74 "," $21,426.46 "," $23,526.38 "," $83,992.22 "," $49,099.04 "," $41,748.69 ",7000,1,0.93,1
8362 West Walk,Prague,Colorado,45635,False,,," $81,297.47 ",,," $50,199.52 ",,," $3,700.27 ",79000,0,0.13,0
8470 Cleaver Drive,El Paso,Montana,93641,True,,," $53,257.33 ",,," $95,443.27 ",,," $13,223.68 ",105000,0,0.98,1
8567 Jackson Grove,Lancaster,Massachussets,64943,False,,," $29,834.44 ",,," $35,785.59 ",,," $35,668.73 ",83400,0,0.19,0
1727 Antrobus   Tunnel,Hayward,Arizona,70750,False,,," $71,252.75 ",,," $95,071.43 ",,," $70,673.67 ",0,0,0.12,0
6810 Angrave    Rue,Santa Ana,Montana,65540,True,,," $61,231.43 ",,," $25,194.53 ",,," $16,942.34 ",0,0,0.07,0
6648 Commercial  Rue,Berlin,Kentucky,84942,False,,," $36,374.46 ",,," $95,277.11 ",,," $56,253.34 ",0,0,0.13,0
7949 Linden Tunnel,Rochester,Illinois,77282,True,,," $35,953.51 ",,," $83,250.75 ",,," $73,884.29 ",0,0,0.15,0
9027 Oxford Walk,Escondido,California,20106,True,,," $97,253.53 ",,," $74,104.67 ",,," $24,192.47 ",8500,0,0.06,0
8292 Sherwood  Road,Kansas City,Nebraska,28377,True,,," $34,021.79 ",,," $97,476.68 ",,," $88,010.27 ",0,0,0.12,0
6649 Erindale Rue,Valetta,Wyoming,77158,True,,," $78,781.92 ",,," $86,178.76 ",,," $33,449.40 ",94000,0,0.23,0
9789 Boldero   Walk,Phoenix,Indiana,25823,False,,," $28,208.82 ",,," $64,204.62 ",,," $73,359.33 ",0,0,0.03,0
3465 Abbey   Alley,Cincinnati,Washington,23896,True," $85,951.86 "," $95,479.53 "," $45,831.92 ",,," $39,841.35 ",,," $88,245.40 ",0,1,0.83,1
1919 Canon Way,Kansas City,Texas,82682,False," $37,786.08 "," $67,588.11 "," $67,350.49 ",,," $55,254.35 ",,," $75,138.65 ",0,1,0.95,1
1021 Cliffords  Walk,Springfield,Arkansas,11129,False," $34,217.37 "," $76,703.48 "," $98,017.81 ",,," $32,937.00 ",,," $64,833.79 ",30000,1,0.92,1
9153 Carpenter Vale,Columbus,Montana,15406,False," $8,495.31 "," $89,913.07 "," $1,021.76 ",,," $9,767.33 ",,," $14,729.58 ",0,1,0.98,1
7775 Caroline  Alley,Nashville,Hawaii,49017,True," $34,367.79 "," $81,385.00 "," $55,195.83 ",,," $50,349.07 ",,," $95,312.27 ",3500,1,0.99,1
3067 Baylis  Route,Glendale,Idaho,70685,False," $88,539.38 "," $21,519.64 "," $84,344.43 ",,," $45,669.75 ",,," $67,780.68 ",4900,1,0.99,1
7349 King William  Pass,Oakland,Ohio,72730,False," $40,624.35 "," $18,868.55 "," $72,845.42 ",,," $31,883.15 ",,," $30,989.66 ",0,1,1.0,1
9630 Collingwood  Drive,Bakersfield,North Dakota,26246,False," $15,751.35 "," $97,890.96 "," $9,705.33 ",,," $17,781.12 ",,," $34,737.93 ",0,1,0.94,1
9997 Buttonwood Tunnel,Arlington,Florida,91921,True," $13,011.78 "," $79,384.21 "," $4,429.81 ",,," $43,224.04 ",,," $64,819.59 ",60000,1,0.92,1
3703 Abourne   Road,Milwaukee,Utah,36065,True," $88,535.39 "," $43,116.69 "," $65,687.87 ",,," $29,804.93 ",,," $93,043.19 ",0,1,0.98,1
4595 Coal Wharf  Vale,Columbus,Arizona,78768,True," $17,252.69 "," $36,637.72 "," $81,463.48 ",,," $41,880.57 ",,," $17,885.36 ",90000,1,0.99,1
7832 Queen Caroline   Tunnel,Otawa,California,72909,False," $86,596.07 "," $13,131.97 "," $79,035.29 ",,," $97,064.05 ",,," $6,090.06 ",0,1,0.97,1
9727 Fairbairn  Alley,Jacksonville,Georgia,43457,False," $35,831.08 "," $10,171.39 "," $18,149.92 ",,," $17,954.61 ",,," $33,518.18 ",0,1,0.99,1
8176 Erindale Boulevard,Venice,Michigan,56482,False," $20,063.03 "," $60,270.47 "," $90,900.61 ",,," $16,323.89 ",,," $78,790.25 ",106000,1,0.98,1
3211 Queen Crossroad,Oakland,Wisconsin,44712,False," $4,243.35 "," $11,809.88 "," $8,957.62 ",,," $2,161.74 ",,," $50,954.38 ",130000,1,1.0,1
4517 Linden Crossroad,Detroit,California,47810,False," $76,149.71 "," $93,524.06 "," $45,286.28 ",,," $26,826.68 ",,," $90,356.81 ",135000,1,0.99,1
1644 Queensberry  Pass,Rome,Massachussets,75362,False," $87,010.33 "," $14,292.26 "," $2,490.69 ",,," $37,920.75 ",,," $9,034.20 ",244001,1,0.96,1
952 Unwin  Rue,Boston,Oklahoma,32551,True," $98,740.97 "," $62,408.04 "," $53,694.29 ",,," $81,112.32 ",,," $21,480.83 ",34000,1,1.0,1
4011 Dunstans  Rue,Madison,Kentucky,82021,False," $57,454.59 "," $54,360.46 "," $82,992.11 ",,," $98,138.75 ",,," $68,467.28 ",35000,1,0.98,1
9330 Clerkenwell Rue,Los Angeles,Virginia,96927,False," $73,983.93 "," $4,577.77 "," $40,504.83 ",,," $86,983.74 ",,," $84,309.28 ",58000,1,0.96,1
8823 Bective  Lane,Chicago,Ohio,92095,False," $12,932.74 ", $130.38 ," $40,911.19 ",,," $57,282.30 ",,," $27,759.67 ",125000,1,0.95,1
311 Longleigh   Avenue,Valetta,Illinois,14134,True," $98,235.32 "," $63,921.66 "," $26,744.75 ",,," $27,731.24 ",,," $36,830.25 ",52000,1,0.92,1
9070 Magnolia Pass,Rome,Utah,71440,True," $58,434.52 "," $21,599.36 "," $22,044.05 ",,," $78,448.15 ",,," $5,111.22 ",0,1,0.98,1
8903 Sherlock   Vale,Lyon,Maine,70310,False," $83,685.17 "," $25,935.87 "," $50,229.32 ",,," $94,174.16 ",,," $25,801.06 ",137000,1,0.98,1
3958 Fairbairn  Rue,Lincoln,Vermont,76949,True," $55,801.98 "," $63,587.85 "," $9,573.05 ",,," $90,290.02 ",,," $62,661.75 ",70000,1,0.98,1
9220 Lexington Drive,Tokyo,West Virginia,32634,False," $94,234.23 "," $61,595.18 "," $91,261.84 ",,," $19,058.65 ",,," $93,243.68 ",0,1,0.99,1
7628 Chantry   Way,Norfolk,New Mexico,54542,True," $66,730.50 "," $96,436.15 "," $29,765.98 ",,," $43,516.18 ",,," $97,290.59 ",160000,1,1.0,1
3003 Ensign   Route,Salt Lake City,Tennessee,56673,False," $1,728.16 "," $35,505.91 "," $5,434.10 ",,," $83,572.51 ",,," $75,857.75 ",0,1,1.0,1
1876 Berriman  Hill,Pittsburgh,South Dakota,45189,True, $745.98 ," $11,292.15 "," $62,544.28 ",,," $77,658.13 ",,," $65,614.50 ",0,1,0.98,1
9162 Victoria  Grove,Memphis,Ohio,42265,True," $38,579.04 "," $81,871.47 "," $4,516.18 ",,," $24,376.78 ",,," $89,307.85 ",135000,1,0.99,1
8805 Westcott  Vale,Lisbon,Virginia,96178,False," $29,090.67 "," $64,428.77 "," $56,719.53 ",,," $64,245.62 ",,," $34,287.29 ",0,1,0.97,1
5688 Fieldstone Route,Irving,North Dakota,54885,False," $34,677.79 "," $17,151.87 "," $86,720.59 ",,," $39,546.16 ",,," $9,781.96 ",6000,1,1.0,1
3255 Angrave    Crossroad,Memphis,Florida,17056,False," $71,544.22 "," $64,441.13 "," $43,568.22 ",,," $6,221.94 ",,," $69,467.78 ",0,1,0.99,1
7604 Andrews  Pass,Boston,Wisconsin,98644,False," $27,835.27 "," $13,654.10 "," $5,681.61 ",,," $48,105.18 ",,," $85,831.57 ",0,1,0.99,1
6732 Coalecroft  Road,Oakland,New Mexico,89019,False," $7,819.45 "," $18,584.54 "," $13,395.48 ",,," $27,448.29 ",,," $12,471.17 ",0,1,1.0,1
3013 Ampton  Rue,Milwaukee,Oklahoma,84112,True," $8,578.20 "," $28,572.28 "," $86,301.60 ",,," $26,967.01 ",,," $55,321.65 ",0,1,0.97,1
6015 Union  Street,Reno,Arizona,59380,False," $65,479.51 "," $13,043.04 "," $1,019.22 ",,," $46,898.88 ",,," $61,651.94 ",73000,1,0.88,1
2231 Elgood   Grove,Zurich,New Mexico,24945,False," $25,383.20 "," $79,600.81 "," $26,486.95 ",,," $24,115.71 ",,," $30,842.35 ",98000,1,0.89,1
3008 Linden Street,Scottsdale,Alaska,71182,False," $57,497.74 "," $83,267.13 "," $10,091.97 ",,," $95,136.49 ",,," $78,756.07 ",0,1,0.97,1
2012 Rosewood Street,Innsbruck,Oregon,62410,False," $40,765.76 "," $84,148.38 "," $11,107.73 ",,," $17,014.54 ",,," $67,440.72 ",250000,1,0.87,1
7651 Chelsea Manor  Crossroad,Bucharest,Iowa,74470,True," $70,872.20 "," $14,526.33 "," $46,062.79 ",,," $68,600.13 ",,," $90,651.57 ",0,1,0.95,1
5473 Lincoln Street,Richmond,Wyoming,97339,False," $29,571.87 "," $37,989.38 "," $27,997.06 ",,," $1,120.94 ",,," $64,484.51 ",550000,1,0.98,1
9826 Dutton   Lane,Stockton,Massachussets,52339,False," $42,442.69 "," $39,656.30 "," $72,028.25 ",,," $31,564.53 ",,," $50,409.99 ",18500,1,0.99,1
125 King Edward  Route,New York,Minnesota,39408,False," $23,415.79 "," $98,502.52 "," $94,312.56 ",,," $53,467.09 ",,," $63,354.02 ",0,1,0.98,1
5711 Marina  Avenue,Jersey City,North Dakota,15126,False," $68,525.79 "," $51,947.70 "," $37,801.78 ",,," $38,489.36 ",,," $62,739.29 ",0,1,1.0,1
9545 Becklow  Walk,Jacksonville,Kentucky,15914,False," $35,586.43 "," $65,393.07 "," $19,295.89 ",,," $3,902.19 ",,," $13,932.69 ",0,1,0.99,1
4346 Chatfield  Alley,San Francisco,North Carolina,11431,True," $51,316.47 "," $2,110.62 "," $11,200.60 ",,," $51,252.00 ",,," $51,577.89 ",8000,1,0.96,1
1501 Dutton   Tunnel,Phoenix,Nevada,88566,False," $80,572.28 "," $70,082.13 "," $20,556.92 ",,," $45,684.16 ",,," $84,960.69 ",0,1,0.98,1
2843 Jackson Tunnel,Salt Lake City,Indiana,59175,True," $4,274.36 "," $58,224.18 "," $55,648.34 ",,," $14,643.87 ",,," $21,049.24 ",0,1,0.96,1
9243 Arctic   Hill,Colorado Springs,Mississippi,51096,False," $87,619.72 "," $12,644.81 "," $2,823.24 ",,," $46,088.98 ",,," $56,664.24 ",0,1,0.83,1
3528 Sheffield Alley,Salem,Illinois,77416,True," $26,395.56 "," $91,366.56 "," $33,227.05 ",,," $50,739.80 ",,," $58,207.55 ",0,1,0.97,1
2265 Jackson Street,Milwaukee,Texas,78646,False," $24,120.02 "," $76,866.97 "," $51,995.09 ",,," $1,120.83 ",,," $41,973.59 ",50000,1,0.97,1
6278 Canon Avenue,Murfreesboro,New York,95386,True," $33,511.14 "," $4,619.99 "," $59,586.99 ",,," $63,160.73 ",,," $65,034.70 ",94500,1,0.98,1
823 Fairview Boulevard,Tokyo,North Dakota,29204,True," $12,247.02 "," $5,821.58 "," $80,283.29 ",,," $45,066.34 ",,," $91,028.53 ",0,1,0.85,1
5909 King Edward  Road,Quebec,Michigan,79478,True," $93,738.73 "," $26,003.46 "," $81,637.96 ",,," $23,946.28 ",,," $9,265.83 ",117000,1,0.9,1
6886 Norland  Hill,Amarillo,Kansas,61588,False," $1,169.99 "," $77,727.24 "," $20,413.65 ",,," $32,793.77 ",,," $92,193.86 ",1000,1,0.94,1
9401 Linden Vale,Oklahoma City,Tennessee,55514,False," $8,455.03 "," $51,864.54 "," $69,735.68 ",,," $72,532.43 ",,," $11,016.49 ",0,1,0.99,1
5328 Magnolia Crossroad,San Antonio,Illinois,38194,True," $61,360.13 "," $32,195.06 "," $64,133.86 ",,," $87,098.86 ",,," $18,880.49 ",0,1,0.99,1
9765 Railroad Pass,Kansas City,North Dakota,40140,True," $75,624.98 "," $30,436.35 "," $36,545.92 ",,," $78,502.00 ",,," $61,183.90 ",2000,1,0.95,1
5340 Clavell   Route,Tulsa,Georgia,92739,True," $22,483.15 "," $32,619.49 "," $86,418.22 ",,," $42,153.71 ",,," $63,519.21 ",0,1,0.96,1
6963 Lake Grove,Bakersfield,Kentucky,67444,False," $7,280.62 "," $36,863.58 "," $20,136.31 ",,," $16,909.69 ",,," $32,556.46 ",0,1,0.94,1
8856 Victoria  Alley,Bakersfield,Texas,71570,True," $70,833.00 "," $46,538.65 "," $98,735.62 ",,," $39,839.74 ",,," $59,829.27 ",130000,1,0.98,1
5499 Arbutus   Rue,Worcester,New Jersey,65789,False," $31,390.00 "," $73,823.07 "," $80,865.18 ",,," $37,895.64 ",,," $5,605.72 ",70000000,1,0.96,1
5315 Balfe   Rue,Honolulu,Tennessee,33027,False," $84,243.21 "," $14,918.36 "," $96,260.24 ",,," $36,295.00 ",,," $63,062.80 ",53000,1,0.97,1
3320 Heritage Walk,Madrid,Texas,64521,True," $51,914.82 "," $7,837.63 "," $90,148.69 ",,," $99,601.69 ",,," $43,325.49 ",20000,1,0.91,1
4275 Sheffield Drive,Arlington,Hawaii,52978,True," $17,500.41 "," $60,893.59 "," $28,528.81 ",,," $89,545.95 ",,," $92,433.48 ",50000,1,0.97,1
662 Blackall   Crossroad,London,Hawaii,11787,False," $14,026.55 "," $32,725.63 "," $49,953.25 ",,," $64,624.49 ",,," $78,851.99 ",95000,1,0.44,0
5157 Clere  Tunnel,Fayetteville,South Carolina,60863,False," $74,969.78 "," $19,184.10 "," $86,162.93 ",,," $93,472.26 ",,," $31,077.12 ",10000,1,0.97,1
6215 Boadicea   Way,Innsbruck,Virginia,48149,True," $5,813.97 "," $94,454.31 "," $14,573.77 ",,," $65,408.81 ",,," $47,913.18 ",100000,1,0.98,1
5617 Yoakley Crossroad,Salem,Nevada,71750,False," $73,792.77 "," $95,041.95 "," $43,298.56 ",,," $33,732.04 ",,," $80,164.90 ",80000,1,1.0,1
9313 Cleaver Vale,Bakersfield,South Carolina,22090,False," $29,180.99 "," $44,186.34 "," $97,265.82 ",,," $47,840.61 ",,," $59,784.43 ",105000,1,0.98,1
9398 South Road,Stockton,Idaho,76581,True," $93,777.37 "," $5,002.69 "," $70,135.64 ",,," $58,406.26 ",,," $83,035.71 ",93000,1,0.96,1
3262 Ampton  Tunnel,Prague,Massachussets,80718,False," $66,615.29 "," $48,685.65 "," $34,272.00 ",,," $13,186.09 ",,," $82,536.58 ",0,1,0.95,1
4333 Calderwood   Road,Quebec,Oregon,40550,False," $53,990.24 "," $86,965.77 "," $70,447.66 ",,," $24,060.92 ",,," $74,300.83 ",0,1,0.98,1
7507 Zealand Drive,Glendale,Missouri,95605,False," $42,765.20 "," $39,321.96 "," $22,178.89 ",,," $40,438.70 ",,," $90,770.41 ",0,1,0.98,1
5994 Virginia Crossroad,Prague,New Jersey,13067,True," $68,984.46 "," $8,864.39 "," $58,222.32 ",,," $89,115.65 ",,," $5,968.51 ",0,1,0.99,1
6535 Ernest  Route,Madison,Arizona,67467,True," $98,866.09 "," $72,309.60 "," $32,702.91 ",,," $44,906.60 ",,," $8,887.11 ",40000,1,0.98,1
1418 Erindale Crossroad,Quebec,Arkansas,62336,False," $46,309.29 "," $33,290.02 "," $26,178.66 ",,," $89,067.14 ",,," $91,071.32 ",3550,1,0.86,1
307 Aberavon  Street,Philadelphia,Alaska,45028,True," $20,007.68 "," $61,636.76 "," $56,522.68 ",,," $58,075.94 ",,," $90,939.79 ",148000,1,0.93,1
281 Battersea   Rue,Tokyo,New Jersey,69063,False," $85,924.72 "," $15,150.03 "," $43,456.83 ",,," $42,010.83 ",,," $63,406.05 ",0,1,0.97,1
7333 Berriman  Walk,Springfield,Ohio,53357,True," $25,188.95 "," $70,335.45 "," $60,742.17 ",,, $263.38 ,,," $69,040.04 ",0,1,0.95,1
6598 Queen Boulevard,Scottsdale,Arizona,33176,False," $58,706.16 "," $80,852.43 "," $74,707.48 ",,," $35,784.79 ",,," $66,422.81 ",130000,1,0.99,1
3987 Babmaes    Avenue,San Diego,Illinois,82132,True," $67,217.72 "," $82,797.23 "," $51,128.07 ",,," $34,629.09 ",,," $27,489.02 ",0,1,0.97,1
8177 Baynes  Pass,Louisville,Hawaii,73756,False," $28,278.31 "," $94,472.01 "," $48,111.73 ",,," $27,598.07 ",,," $67,269.92 ",65000,1,0.91,1
7634 Queensberry  Route,San Bernardino,New Jersey,28260,False," $54,170.31 "," $24,140.73 "," $84,131.54 ",,," $28,936.66 ",,," $24,027.10 ",0,1,1.0,1
1838 Jackson Rue,Norfolk,Kentucky,70637,False," $39,742.17 "," $85,850.89 "," $28,758.22 ",,," $91,966.69 ",,," $28,792.88 ",0,1,0.92,1
6435 Carpenter Road,Sacramento,Michigan,65323,True," $78,173.63 "," $34,564.73 "," $79,956.79 ",,," $67,211.00 ",,," $26,932.83 ",78800,1,0.99,1
8887 Coalecroft  Route,Prague,Michigan,81398,False," $12,934.77 "," $86,442.88 "," $19,129.86 ",,," $41,598.19 ",,," $21,327.48 ",0,1,0.97,1
4834 Udall   Route,Rome,Hawaii,37105,False," $37,519.39 "," $21,731.19 "," $91,608.76 ",,," $40,552.33 ",,," $39,088.27 ",90000,1,1.0,1
6520 Vincent  Street,Miami,Rhode Island,33267,False," $43,002.31 "," $81,902.05 "," $8,359.11 ",,," $60,503.76 ",,," $93,312.16 ",0,1,0.81,1
4385 Bliss  Avenue,Venice,Tennessee,97319,False," $64,484.78 "," $39,335.36 "," $5,249.22 ",,," $71,927.37 ",,," $33,986.02 ",145000,1,0.97,1
5028 Capeners  Boulevard,St. Louis,South Dakota,86918,False," $5,807.64 "," $57,589.63 "," $45,628.79 ",,," $11,839.09 ",,," $62,917.19 ",57000,1,0.86,1
9992 King William  Vale,London,Montana,18116,False," $34,617.12 "," $67,529.61 "," $15,212.44 ",,," $67,027.76 ",,," $98,904.90 ",145000,1,0.91,1
1440 Fawn Street,Amarillo,Illinois,98272,False," $76,398.27 "," $54,389.28 "," $27,016.65 ",,," $85,534.68 ",,," $33,895.66 ",85000,1,0.91,1
3954 Marina  Tunnel,Worcester,Ohio,17596,False," $17,945.69 "," $22,644.41 "," $56,969.38 ",,," $31,758.54 ",,," $92,741.16 ",120000,1,0.91,1
7139 Arthur  Crossroad,San Antonio,South Dakota,66095,False," $48,671.38 "," $73,069.77 "," $13,182.22 ",,," $75,856.42 ",,," $56,080.81 ",0,1,0.94,1
696 Magnolia Street,London,Nevada,49052,False, $485.23 ," $49,007.73 "," $2,242.23 ",,," $81,213.64 ",,," $27,227.90 ",200000,1,0.96,1
2977 Church Walk,Venice,Utah,36183,True," $96,313.88 "," $74,812.65 "," $29,247.06 ",,," $36,216.76 ",,," $15,864.31 ",145000,1,0.94,1
5644 Besson  Grove,Tallahassee,Maryland,26308,False," $53,189.74 "," $38,236.80 "," $46,249.33 ",,," $25,784.40 ",,," $43,579.63 ",0,1,0.6,1
1250 Coley  Route,Cincinnati,New York,28680,True," $33,192.43 "," $60,264.57 "," $78,191.03 ",,," $51,626.77 ",,," $53,641.56 ",80000,1,0.99,1
3431 Adderley   Way,Indianapolis,Wyoming,41344,True," $77,510.46 "," $75,508.65 "," $79,965.79 ",,," $66,102.35 ",,," $82,360.74 ",115000,1,0.84,1
6569 Rivervalley Alley,Fullerton,Iowa,90835,True," $6,257.56 "," $62,857.08 "," $89,054.57 ",,," $10,510.41 ",,," $54,142.25 ",0,1,0.95,1
30 Bellenden   Lane,Rome,Rhode Island,63863,True," $11,208.13 "," $67,808.52 "," $83,709.59 ",,," $40,809.19 ",,," $5,450.36 ",115000,1,0.94,1
2246 Sherwood  Pass,Salt Lake City,Missouri,36842,False," $19,053.82 "," $42,204.48 "," $56,038.89 "," $39,858.77 "," $78,055.71 "," $29,970.28 ",,," $82,622.41 ",1200,1,0.98,1
3821 Chester  Road,Nashville,Louisiana,85418,False," $14,594.15 "," $94,731.12 "," $30,076.03 "," $28,561.97 "," $78,207.50 "," $34,764.01 ",,," $91,271.41 ",45000,1,0.95,1
810 Boleyn  Drive,Escondido,Nevada,24378,False," $65,533.86 "," $19,076.54 "," $62,068.24 "," $16,567.10 "," $1,604.06 "," $95,667.59 ",,," $72,768.75 ",3250,1,0.86,1
9586 Tisbury  Lane,Bellevue,New York,95481,True," $4,704.34 "," $12,261.23 "," $21,365.43 "," $42,496.25 "," $84,940.63 "," $19,666.38 ",,," $15,648.84 ",0,1,0.94,1
6571 Bigland  Grove,Fort Lauderdale,Hawaii,32979,False," $16,127.37 "," $52,032.71 "," $9,455.91 "," $82,287.85 "," $49,332.05 "," $5,425.02 ",,," $41,115.39 ",0,1,0.92,1
4818 Hammersmith  Crossroad,Lancaster,Vermont,34023,False," $64,301.94 "," $6,994.45 "," $2,665.50 "," $76,324.66 "," $11,321.13 "," $61,958.18 ",,," $90,252.09 ",120000,1,0.88,1
5602 Woodland Way,San Diego,Alabama,79976,True," $20,077.25 "," $25,520.68 "," $74,136.84 "," $66,431.50 "," $98,470.47 "," $69,597.78 ",,," $56,410.98 ",215000,1,1.0,1
2459 Emily  Walk,San Francisco,California,51706,False," $88,229.66 "," $53,782.28 "," $64,353.36 "," $30,424.03 "," $73,094.81 "," $36,233.92 ",,," $55,182.28 ",45000,1,0.88,1
5593 Enford   Avenue,Venice,Nebraska,52788,False," $71,533.51 "," $30,536.77 "," $49,778.36 "," $70,510.74 "," $26,110.50 "," $97,337.58 ",,, $756.53 ,0,1,0.92,1
3763 Chatsworth  Route,Worcester,New Mexico,74690,False," $96,829.84 "," $24,164.52 "," $98,580.84 "," $44,185.28 "," $62,892.08 "," $4,271.37 ",,," $59,727.77 ",0,1,0.98,1
5827 English   Rue,Scottsdale,Connecticut,42037,True," $15,636.56 "," $58,952.41 "," $61,760.41 "," $74,137.10 "," $12,839.97 "," $76,738.47 ",,," $79,900.31 ",53000,1,0.91,1
553 Hammersmith  Route,Irving,Wisconsin,77689,True," $87,588.00 "," $46,207.72 "," $38,151.43 "," $2,549.55 "," $12,549.30 "," $73,154.95 ",,," $6,440.13 ",97500,1,0.99,1
9701 Timber   Rue,Orlando,Michigan,89107,False," $92,885.16 "," $99,161.52 "," $23,240.18 "," $66,725.98 "," $42,104.02 "," $17,859.34 ",,," $48,753.13 ",75000,1,0.95,1
2701 Cadogan  Crossroad,Bucharest,Virginia,74806,True," $86,526.42 "," $89,801.47 "," $54,825.04 "," $29,739.48 "," $33,490.52 "," $25,005.80 ",,," $5,167.04 ",25000,1,0.91,1
502 Abbotswell  Alley,Washington,New Hampshire,87081,True," $77,845.07 "," $93,461.59 "," $81,092.40 "," $57,573.66 "," $76,867.96 "," $93,539.10 ",,," $42,949.02 ",580000,1,0.96,1
5330 Beaconsfield  Rue,Baltimore,North Dakota,58755,False," $2,301.05 "," $20,023.04 "," $6,254.27 "," $25,207.23 "," $78,036.55 "," $79,357.43 ",,," $28,648.12 ",50000,1,0.95,1
8023 Bendall   Avenue,El Paso,New York,33804,True," $18,561.08 "," $55,455.64 "," $57,342.51 "," $74,395.52 "," $25,115.14 "," $85,157.93 ",,," $63,163.78 ",4200,1,0.85,1
3954 Bendmore  Tunnel,Murfreesboro,North Dakota,18288,False," $30,544.70 "," $72,244.04 "," $69,675.62 "," $81,138.81 "," $50,133.03 "," $59,219.80 ",,," $63,674.40 ",21000000,1,0.97,1
2327 Canal  Avenue,Reno,Massachussets,97329,False," $2,532.48 "," $46,964.17 "," $89,103.09 "," $81,519.19 "," $97,716.67 "," $69,301.92 ",,," $55,364.98 ",300000,1,0.95,1
5586 Kingly  Vale,Sacramento,Hawaii,46668,False," $89,625.51 "," $89,337.40 "," $53,433.21 "," $23,308.98 "," $14,352.43 "," $17,586.11 ",,," $82,872.40 ",20000,1,0.99,1
112 Elia   Lane,Irving,Tennessee,78922,False," $44,069.71 "," $70,864.50 "," $72,095.66 "," $15,289.47 "," $98,840.05 "," $92,716.63 ",,," $64,119.86 ",10000,1,0.97,1
17 Bond Vale,Stockton,Connecticut,93794,True," $97,212.52 "," $56,756.33 "," $4,894.57 "," $96,422.50 "," $2,506.69 "," $26,768.41 ",,," $55,103.95 ",90000,1,0.93,1
9173 Ashley Boulevard,Saint Paul,Louisiana,74868,False," $82,824.45 "," $30,127.44 "," $22,512.03 "," $60,071.50 "," $5,668.64 "," $66,551.70 ",,," $27,477.58 ",150000,1,0.93,1
5858 Emily  Walk,Valetta,Rhode Island,27277,True," $68,088.66 "," $38,068.49 "," $71,900.09 "," $14,015.36 "," $73,860.01 "," $90,613.99 ",,," $94,349.67 ",80000,1,0.89,1
9716 Ensign   Road,Washington,Idaho,97154,True," $9,698.95 "," $46,202.38 "," $9,917.90 "," $74,858.18 "," $62,991.16 "," $94,165.52 ",,," $8,013.36 ",0,1,1.0,1
5049 West Way,Bakersfield,Washington,31076,True," $47,450.89 "," $79,903.83 "," $66,081.87 "," $37,453.12 "," $93,186.66 "," $23,678.06 ",,," $98,993.70 ",0,1,0.92,1
5991 Lexington Tunnel,Albuquerque,Alaska,80857,True," $51,639.85 "," $49,707.79 "," $89,220.03 "," $21,539.32 ", $422.76 ," $57,557.03 ",,," $67,161.78 ",0,1,0.98,1
5959 Viscount   Vale,Jacksonville,Massachussets,92004,False," $95,121.46 "," $61,178.85 "," $51,569.08 "," $37,459.35 "," $22,593.21 "," $45,847.60 ",,," $30,220.96 ",0,1,0.98,1
7775 Coley  Vale,Lakewood,Rhode Island,59251,False," $1,587.20 "," $45,767.25 "," $18,000.64 "," $31,722.05 "," $63,584.18 "," $45,832.65 ",,," $22,380.26 ",0,1,0.94,1
8376 Camdale  Lane,Kansas City,Michigan,36457,True," $8,246.32 "," $88,737.96 "," $89,040.76 "," $67,432.97 "," $36,542.90 "," $34,484.81 ",,," $54,371.97 ",0,1,0.94,1
8383 Littlebury  Hill,Amarillo,Arizona,61139,False," $6,977.57 "," $16,508.79 "," $92,098.76 "," $88,265.60 "," $31,372.59 "," $35,921.48 ",,," $52,545.28 ",0,1,0.99,1
539 Rail Drive,Bridgeport,Nevada,17350,False," $66,940.95 "," $95,690.39 "," $26,941.77 "," $37,436.89 "," $45,237.54 "," $83,199.38 ",,," $26,173.05 ",0,1,0.91,1
1240 Parkfields Hill,Irving,Indiana,31788,False," $55,284.62 "," $6,641.55 "," $93,404.38 "," $70,521.74 "," $18,144.59 "," $6,191.92 ",,," $15,278.05 ",0,1,0.92,1
1257 Bede  Drive,Prague,Idaho,73530,True," $29,076.10 "," $30,891.05 "," $48,602.57 "," $4,055.89 "," $34,365.52 "," $79,757.95 ",,," $49,531.63 ",0,1,0.97,1
9944 Elia   Hill,San Antonio,Vermont,34097,True," $65,446.08 "," $10,303.72 "," $36,134.83 "," $63,925.04 "," $80,078.89 "," $7,398.65 ",,," $67,129.89 ",0,1,0.98,1
4626 Blenkarne  Lane,Hollywood,Florida,36615,False," $83,348.05 "," $91,090.30 "," $65,037.34 "," $72,139.47 "," $66,865.00 "," $74,723.86 ",,," $87,306.32 ",0,1,0.81,1
6912 Collent   Grove,Toledo,North Dakota,61241,True," $85,409.99 "," $39,809.37 "," $58,393.63 "," $93,796.54 "," $77,337.27 "," $99,965.58 ",,," $32,407.78 ",0,1,0.88,1
3667 Adams  Pass,Tokyo,Oklahoma,91681,True," $77,973.95 "," $92,210.41 "," $65,992.84 "," $9,740.56 "," $62,355.63 "," $99,993.12 ",,," $99,062.68 ",0,1,0.63,1
3858 Garfield Boulevard,Detroit,Florida,61599,False," $96,851.92 "," $93,571.04 "," $7,776.59 "," $9,286.40 "," $69,482.10 "," $62,516.06 ",,," $71,351.10 ",0,1,0.92,1
7786 King Edward  Road,Washington,Vermont,23162,True," $71,396.55 "," $79,419.45 "," $21,680.42 "," $92,798.80 "," $89,875.56 "," $12,550.43 "," $33,694.19 "," $67,687.92 "," $64,193.51 ",0,1,0.95,1
3000 Berriman  Boulevard,Berna,Missouri,33732,True," $9,390.13 "," $19,614.69 "," $54,856.06 "," $76,951.55 "," $91,053.35 "," $2,235.60 "," $56,712.89 "," $12,016.24 "," $56,145.02 ",0,1,0.98,1
6732 Bel   Hill,Quebec,Mississippi,64502,True," $55,034.20 "," $63,424.56 "," $30,865.21 "," $31,422.11 "," $32,602.68 "," $97,639.66 "," $41,934.84 "," $79,420.57 "," $80,882.52 ",0,1,0.97,1
3817 Lincoln Rue,Bucharest,Montana,21969,True," $43,005.63 "," $20,489.54 "," $5,467.12 "," $80,179.78 "," $97,696.71 "," $75,073.65 "," $29,286.08 "," $70,768.88 "," $74,835.50 ",0,1,0.96,1
5945 Cobden  Walk,Honolulu,Washington,27697,True," $24,902.73 "," $54,210.20 "," $19,715.95 "," $36,436.48 "," $89,685.46 "," $97,624.27 "," $5,123.84 "," $68,182.17 "," $29,692.66 ",0,1,0.97,1
451 Ernest  Grove,Houston,North Dakota,63104,False," $34,234.90 "," $36,557.35 "," $15,537.35 "," $16,677.37 "," $11,227.54 "," $67,992.48 "," $82,699.95 "," $96,387.92 "," $31,401.99 ",0,1,0.97,1
3844 Bond Street,Quebec,Connecticut,64875,True," $86,282.53 "," $3,882.79 "," $42,890.70 "," $86,650.80 "," $84,436.61 "," $25,683.53 "," $35,580.65 "," $99,972.46 "," $14,580.13 ",0,1,0.96,1
9404 Clifton  Tunnel,Oakland,Massachussets,68142,True," $53,244.72 "," $94,955.84 "," $6,517.52 "," $47,024.50 "," $8,144.49 "," $31,935.72 "," $74,577.65 "," $18,097.95 "," $8,958.87 ",0,1,0.86,1
5443 Canon Alley,Miami,Washington,52481,False," $54,039.34 "," $54,439.49 "," $38,085.41 "," $97,988.37 "," $8,905.78 "," $34,954.87 "," $91,334.77 "," $2,193.45 "," $13,523.63 ",0,1,0.96,1
5593 Kingly  Rue,Lincoln,Maryland,49308,True," $29,385.35 "," $82,060.88 "," $46,055.00 "," $11,062.22 "," $22,897.20 "," $50,749.31 "," $18,724.08 "," $59,547.06 "," $54,908.44 ",0,1,0.96,1
9907 Coborn  Boulevard,Denver,Iowa,37094,True," $3,001.19 "," $30,591.77 "," $24,867.27 "," $69,959.76 "," $93,980.84 "," $86,522.20 "," $31,362.83 "," $15,902.57 "," $31,580.18 ",0,1,0.9,1
6251 Boleyn  Street,Orlando,Idaho,30412,False," $90,069.67 "," $12,679.74 "," $16,603.96 "," $95,854.54 "," $11,379.27 "," $73,953.89 "," $68,586.02 "," $75,867.46 "," $50,413.71 ",0,1,0.89,1
6075 Becklow  Lane,Jersey City,Arkansas,27865,False," $79,835.46 "," $21,066.46 "," $51,235.72 "," $79,224.11 "," $25,994.24 "," $90,597.56 "," $74,934.14 "," $19,888.45 "," $89,519.97 ",0,1,0.99,1
2707 Sheraton   Grove,Fort Lauderdale,Utah,87613,True," $29,290.64 "," $86,395.87 "," $91,928.81 "," $78,866.39 "," $19,011.60 "," $92,778.65 "," $76,102.83 "," $69,592.97 "," $6,619.12 ",0,1,0.93,1
9458 Thorndike   Avenue,Stockton,Connecticut,45714,True," $91,567.98 "," $92,143.70 "," $32,426.98 "," $49,989.80 "," $34,724.27 "," $28,428.74 "," $74,412.23 "," $95,904.59 "," $95,669.98 ",0,1,0.95,1
9929 Chesterfield  Grove,Saint Paul,New Mexico,62330,True," $65,041.72 "," $35,720.48 "," $50,588.03 "," $13,548.81 "," $59,835.96 "," $23,198.96 "," $40,050.49 ", $123.33 ," $27,323.65 ",0,1,1.0,1
6480 Carnegie   Lane,Worcester,Oklahoma,59587,True," $53,546.81 "," $40,539.42 "," $80,634.34 "," $87,345.86 "," $54,098.11 "," $64,811.06 "," $81,598.15 "," $32,885.32 "," $49,661.44 ",0,1,0.95,1
4613 Meadow Street,Rome,Iowa,51537,True," $58,711.21 "," $1,448.10 "," $48,443.11 "," $76,859.96 "," $96,922.49 "," $18,143.73 "," $26,927.30 "," $4,113.60 "," $9,975.97 ",0,1,0.99,1
8968 Chapel  Vale,Venice,New Mexico,16258,True," $41,876.58 "," $1,267.27 "," $23,461.87 "," $31,686.28 "," $64,207.86 "," $76,898.29 "," $75,152.93 "," $23,867.64 "," $76,489.02 ",0,1,1.0,1
4771 Callcott   Grove,Wien,Nevada,12652,True," $42,053.43 "," $19,885.60 "," $12,853.48 "," $36,845.41 "," $35,402.47 "," $66,154.52 "," $91,281.24 "," $18,062.09 "," $19,617.32 ",0,1,0.94,1
6491 Berry  Walk,Louisville,Delaware,69142,True," $78,762.82 "," $87,187.75 "," $9,752.06 "," $63,008.44 "," $21,008.89 "," $87,224.77 "," $34,721.95 "," $61,956.35 "," $59,997.12 ",0,1,0.33,0
1126 Jackson Route,Fayetteville,North Dakota,93093,True," $19,492.35 "," $52,379.17 "," $69,759.86 "," $59,825.83 "," $3,879.77 "," $76,379.40 "," $19,769.51 "," $69,386.85 "," $17,250.77 ",0,1,0.94,1
4276 Howard Boulevard,Columbus,Oregon,38736,True," $76,824.12 "," $12,716.24 "," $63,295.92 "," $72,224.18 "," $85,183.35 "," $36,375.57 "," $82,607.89 "," $84,909.32 "," $83,591.29 ",0,1,0.88,1
6987 West Pass,Garland,West Virginia,93302,False," $63,134.57 "," $30,529.00 "," $3,533.66 "," $47,421.69 "," $43,234.75 "," $33,601.93 "," $28,955.54 "," $18,834.92 "," $62,012.15 ",0,1,0.14,0
487 Epworth  Way,Milwaukee,Michigan,59033,False," $24,365.93 "," $73,414.16 "," $57,007.07 "," $72,892.59 "," $69,310.49 "," $36,972.13 "," $59,321.97 "," $90,500.97 "," $32,995.83 ",0,1,0.96,1
5897 Ashley Alley,Bakersfield,Idaho,20345,False," $48,276.29 "," $16,290.90 "," $79,455.81 "," $10,221.01 "," $45,481.74 "," $77,802.76 "," $58,663.51 "," $68,718.71 "," $68,882.65 ",0,1,0.99,1
2062 Longman   Grove,Paris,Texas,56961,True," $41,166.47 "," $43,738.07 "," $42,079.11 "," $80,976.86 "," $28,616.92 "," $17,895.51 "," $30,175.59 "," $45,278.62 "," $13,174.19 ",0,1,0.95,1
5361 Garfield Avenue,Saint Paul,Texas,55157,False," $40,113.31 "," $25,621.56 "," $27,026.79 "," $70,990.58 "," $46,127.32 "," $43,857.49 "," $82,319.71 "," $26,188.02 "," $16,487.68 ",0,1,1.0,1
5195 Chartham  Pass,Houston,Maine,60283,False," $97,587.50 "," $52,582.00 "," $82,459.14 "," $28,112.19 "," $61,202.89 "," $59,801.68 "," $21,471.64 "," $72,162.96 "," $57,504.56 ",0,1,0.88,1
9827 Vincent  Route,Lakewood,Texas,41417,True," $45,938.56 "," $20,050.67 "," $17,906.54 "," $25,854.33 "," $75,231.22 "," $8,179.40 "," $12,232.72 "," $46,127.78 "," $97,008.23 ",0,1,0.92,1
161 Amwell    Hill,Milano,Nebraska,65355,False," $62,047.66 "," $88,193.32 "," $13,250.52 "," $30,986.29 "," $29,774.82 "," $34,122.97 "," $56,544.90 "," $46,478.02 "," $24,477.59 ",0,1,0.97,1
8645 Cheney  Street,Quebec,Nevada,73304,True," $49,800.77 "," $38,898.60 "," $96,123.40 "," $82,771.64 "," $96,981.83 "," $30,781.33 "," $37,810.66 "," $60,944.23 "," $10,123.41 ",0,1,0.94,1
1238 Bolingbroke  Pass,San Bernardino,Minnesota,35880,True," $59,818.33 "," $42,363.68 "," $82,642.37 "," $23,194.14 "," $84,246.48 "," $79,901.54 "," $87,809.71 "," $59,397.12 "," $10,864.66 ",0,1,0.99,1
8709 Bletchley   Walk,Lincoln,Idaho,76404,False," $33,292.34 "," $3,450.96 "," $5,571.53 "," $52,130.59 "," $78,420.51 "," $86,307.17 "," $86,611.32 "," $84,004.52 "," $5,357.27 ",0,1,0.9,1
2379 Carolina  Lane,Lyon,New York,13489,False," $17,363.72 "," $17,551.27 "," $54,793.54 "," $71,552.65 "," $42,559.61 "," $1,836.03 "," $75,072.27 "," $94,846.74 "," $61,195.03 ",0,1,0.98,1
5679 Falconberg   Road,Baltimore,Illinois,70667,True," $24,012.12 "," $62,819.01 "," $88,211.06 "," $29,433.01 "," $2,646.69 "," $23,991.04 "," $42,302.15 "," $6,143.10 "," $73,632.34 ",0,1,0.9,1
4257 Parkfields Drive,San Bernardino,Wisconsin,11603,True," $87,221.62 "," $63,795.15 "," $66,382.33 "," $67,407.47 "," $62,798.44 "," $54,896.30 "," $79,290.04 "," $31,512.28 "," $91,627.46 ",0,1,0.98,1
3690 Sheringham   Avenue,London,Montana,70816,False," $89,546.45 "," $53,076.29 "," $50,055.55 "," $24,396.82 "," $58,212.54 "," $45,228.10 "," $71,290.80 "," $17,253.34 "," $78,794.10 ",0,1,0.82,1
6430 Udall   Walk,San Bernardino,Alaska,32265,False," $63,564.43 "," $91,350.31 "," $38,195.47 "," $93,164.38 "," $64,623.29 "," $34,834.33 "," $60,655.72 "," $38,407.38 "," $25,309.88 ",0,1,0.93,1
2440 Birkbeck  Lane,Salem,Washington,44782,False," $80,888.22 "," $38,244.18 "," $89,153.01 "," $43,116.50 "," $29,085.61 "," $16,114.07 "," $11,786.68 "," $8,695.92 "," $5,537.05 ",0,1,0.99,1
3643 Underwood  Rue,Venice,California,70219,True," $65,266.07 "," $6,034.15 "," $86,048.44 ", $624.66 ," $25,229.11 "," $53,057.95 "," $29,374.71 "," $74,665.12 "," $55,193.54 ",0,1,0.96,1
5444 Yorkshire  Avenue,Orlando,North Dakota,83746,False," $4,314.67 "," $42,193.75 "," $13,057.71 "," $88,204.08 "," $40,374.19 "," $21,560.51 "," $16,922.16 "," $45,571.64 "," $42,939.68 ",0,1,0.97,1
1003 Fieldstone Crossroad,Ontario,Connecticut,92450,False," $91,522.32 "," $72,920.74 "," $83,223.50 "," $78,779.20 "," $72,995.21 "," $61,633.79 "," $80,027.13 "," $81,319.36 "," $30,699.24 ",0,1,0.92,1
9843 Aspen Grove,Escondido,Wisconsin,68292,False," $91,096.90 "," $99,796.92 "," $60,224.19 "," $75,934.50 "," $21,665.71 "," $68,868.38 "," $46,280.23 "," $51,595.71 "," $86,663.33 ",0,1,0.87,1
2951 Queen Caroline   Walk,Hollywood,Colorado,61324,False," $63,261.30 "," $71,534.86 "," $8,595.07 "," $38,681.00 "," $17,517.30 "," $61,831.97 "," $48,804.07 "," $83,980.39 "," $24,794.30 ",0,1,0.77,1
8779 Queen Caroline   Route,Norfolk,Louisiana,51245,False," $53,378.01 "," $40,140.20 "," $51,438.66 "," $68,081.06 "," $95,488.05 "," $50,108.94 "," $3,115.68 "," $61,621.28 "," $15,461.82 ",0,1,0.94,1
8960 Caroline  Drive,Bellevue,Iowa,37756,True," $16,485.00 "," $58,698.29 "," $56,537.34 "," $96,373.75 "," $93,410.48 "," $41,008.06 "," $54,402.01 "," $6,327.32 "," $79,380.61 ",0,1,0.9,1
9081 Besson  Drive,Houston,Vermont,47499,True," $31,492.08 "," $7,141.80 "," $36,746.73 "," $16,544.53 "," $55,614.94 "," $62,724.96 "," $70,242.23 "," $23,275.12 "," $1,327.66 ",0,1,0.94,1
5211 Apollo  Way,New York,Wyoming,78618,False," $57,571.39 "," $39,623.99 "," $33,791.59 "," $68,568.55 "," $74,703.70 "," $89,575.88 "," $62,940.56 "," $15,007.28 "," $81,751.80 ",0,1,0.97,1
6709 Canal  Walk,Innsbruck,Nebraska,82682,False," $24,143.85 "," $85,852.98 "," $81,014.95 "," $51,585.92 "," $22,943.03 "," $84,656.10 "," $13,312.64 "," $42,236.81 "," $87,877.80 ",0,1,0.95,1
89 Coley  Street,Bridgeport,South Dakota,83634,False," $96,793.44 "," $8,634.08 "," $1,682.43 "," $38,805.76 "," $65,993.78 "," $43,233.91 "," $80,652.83 "," $1,041.56 "," $65,467.13 ",0,1,0.99,1
4399 Andsell    Walk,Hollywood,Iowa,89407,True," $1,495.48 "," $8,479.53 "," $10,957.04 "," $20,533.91 "," $31,959.64 "," $14,368.09 "," $31,460.90 "," $3,870.34 "," $69,859.13 ",0,1,0.95,1
1248 Wake  Route,Valetta,Idaho,60160,False," $64,088.09 "," $27,156.79 "," $68,647.43 "," $50,097.82 "," $35,447.53 "," $79,040.37 "," $87,205.52 "," $2,519.77 "," $30,920.63 ",0,1,0.97,1
5419 Linden Boulevard,Wien,South Dakota,87079,True," $62,093.62 "," $65,826.67 "," $76,978.48 "," $32,055.67 "," $30,637.04 "," $25,906.52 "," $9,360.79 "," $23,184.78 "," $81,007.96 ",0,1,0.93,1
6078 Shepherds  Lane,Oakland,Washington,36973,False," $78,851.31 "," $81,086.49 "," $36,253.92 "," $43,442.46 "," $29,998.12 "," $75,378.59 "," $45,408.92 "," $73,281.37 "," $35,809.18 ",0,1,1.0,1
6256 Hickory Lane Drive,Escondido,Delaware,79084,True,,,,,,,,,,0,0,0.15,0
882 Gavel   Street,Berlin,Maine,61214,True,,,,,,,,,,0,0,0.1,0
8438 Coborn  Street,Paris,Illinois,90838,False,,,,,,,,,,0,0,0.15,0
8910 Beaconsfield  Street,Paris,Kentucky,48485,True,,,,,,,,,,0,0,0.14,0
8605 Eaglet  Pass,San Diego,New Hampshire,89970,True,,,,,,,,,,0,0,0.92,1
815 Babmaes    Pass,San Diego,Pennsylvania,72686,True,,,,,,,,,,0,0,0.59,0
3381 Timothy  Drive,Huntsville,Texas,67015,False,,,,,,,,,,0,0,0.1,0
4928 Blackpool  Walk,Glendale,Mississippi,93685,False,,,,,,,,,,0,0,0.1,0
2734 Cave   Alley,Amarillo,Delaware,17583,True,,,,,,,,,,0,0,0.16,0
8014 Linda Lane Drive,Escondido,Vermont,70466,False,,,,,,,,,,0,0,0.16,0
5660 Rosewood Tunnel,Milwaukee,North Dakota,29361,True,,,,,,,,,,0,0,0.26,0
1690 Blackall   Way,Denver,Virginia,18284,False,,,,,,,,,,0,0,0.17,0
639 Carolina  Hill,Tokyo,New Mexico,39603,False,,,,,,,,,,0,0,0.95,1
9417 Bliss  Alley,New Orleans,Oregon,92816,True,,,,,,,,,,0,0,0.02,0
876 Underwood  Street,Paris,Mississippi,95106,True,,,,,,,,,,0,0,0.13,0
1844 Dunton  Drive,Fayetteville,Delaware,32962,False,,,,,,,,,,0,0,0.13,0
2330 Oxford Hill,Worcester,Vermont,84630,False,,,,,,,,,,0,0,0.22,0
7849 Cliff  Vale,Oklahoma City,Massachussets,68550,True,,,,,,,,,,0,0,0.14,0
8367 Anns  Walk,Reno,Illinois,42395,True,,,,,,,,,,0,0,0.17,0
9023 Becher  Lane,Phoenix,Connecticut,89090,False,,,,,,,,,,0,0,0.07,0
2376 Kimberley  Way,Hollywood,Mississippi,96498,True,,,,,,,,,,0,0,0.15,0
7306 Walnut Walk,London,South Dakota,68641,True,,,,,,,,,,0,0,0.05,0
2633 Tisbury  Pass,Nashville,Virginia,88980,True,,,,,,,,,,0,0,0.93,1
3732 Canning  Alley,Rochester,Alabama,81222,False,,,,,,,,,,0,0,0.14,0
316 Glenwood Crossroad,Kansas City,Ohio,63573,True,,,,,,,,,,0,0,0.23,0
4163 Hickory Lane Lane,Phoenix,California,79817,False,,,,,,,,,,0,0,0.13,0
9498 Carlisle  Walk,Denver,Illinois,15185,False,,,,,,,,,,0,0,0.07,0
2281 Littlebury  Grove,Lancaster,New Hampshire,29145,False,,,,,,,,,,0,0,0.35,0
9874 Bocking   Grove,Omaha,North Dakota,27479,True,,,,,,,,,,0,0,0.11,0
634 Camdenhurst   Boulevard,Otawa,California,24759,True,,,,,,,,,,0,0,0.14,0
3377 Ashley Road,Indianapolis,Oregon,71031,True,,,,,,,,,,0,0,0.13,0
959 Camden  Crossroad,Denver,Connecticut,58442,True,,,,,,,,,,0,0,0.13,0
668 Durweston   Vale,Quebec,Kentucky,91291,True,,,,,,,,,,0,0,0.21,0
8942 Birkbeck  Grove,Arlington,West Virginia,91813,False,,,,,,,,,,0,0,0.15,0
429 Bond Avenue,London,Colorado,92582,False,,,,,,,,,,0,0,0.14,0
9102 Caedmon  Pass,London,Rhode Island,37610,False,,,,,,,,,,0,0,0.13,0
6244 Betton  Avenue,San Diego,Idaho,95624,True,,,,,,,,,,0,0,0.59,0
2877 Becher  Avenue,Zurich,Wyoming,90313,False,,,,,,,,,,0,0,0.25,0
415 Coley  Walk,Berna,New Hampshire,26284,False,,,,,,,,,,0,0,0.16,0
3594 Ellerman   Tunnel,London,West Virginia,87547,True,,,,,,,,,,0,0,0.05,0
6000 Hickory   Street,St. Louis,Idaho,77977,False,,,,,,,,,,0,0,0.17,0
7405 Durweston   Walk,Garland,Rhode Island,96142,False,,,,,,,,,,0,0,0.05,0
6526 Aylward   Tunnel,Stockton,South Dakota,26180,False,,,,,,,,,,0,0,0.11,0
2716 Balfe   Walk,Ontario,Delaware,90945,True,,,,,,,,,,0,0,0.1,0
7739 Parkfields Tunnel,Long Beach,Georgia,96937,True,,,,,,,,,,0,0,0.1,0
3601 King Edward  Rue,Henderson,South Carolina,30972,False,,,,,,,,,,0,0,0.22,0
8718 Caroline  Road,Dallas,California,52414,True,,,,,,,,,,0,0,0.25,0
9449 Thomas More   Grove,Escondido,Louisiana,55375,False,,,,,,,,,,0,0,0.07,0
6703 Blackpool  Walk,Santa Ana,Indiana,76265,True,,,,,,,,,,0,0,0.06,0
6494 Monroe Street,San Francisco,Tennessee,88411,False,,,,,,,,,,0,0,0.14,0
8686 Cheltenham  Street,Rochester,Indiana,63627,False,,,,,,,,,,0,0,0.09,0
4279 Cavell   Route,Portland,Michigan,28161,False,,,,,,,,,,0,0,0.24,0
667 Durham Alley,Pittsburgh,Oregon,94061,False,,,,,,,,,,0,0,0.08,0
4051 Chestnut Rise Tunnel,Amarillo,Oregon,74720,False,,,,,,,,,,0,0,0.05,0
3293 Rosewood Boulevard,Denver,Virginia,99896,True,,,,,,,,,,0,0,0.54,0
2697 Battersea   Way,Atlanta,Utah,22939,False,,,,,,,,,,0,0,0.2,0
767 Camley   Boulevard,New Orleans,Texas,84216,False,,,,,,,,,,0,0,0.14,0
9707 Bazely   Lane,Phoenix,Connecticut,70381,False,,,,,,,,,,0,0,0.07,0
5874 Aylward   Alley,Springfield,Arkansas,67789,True,,,,,,,,,,0,0,0.1,0
8906 Linda Lane Drive,Sacramento,Louisiana,81181,False,,,,,,,,,,0,0,0.75,1
9865 Canon Alley,Los Angeles,Louisiana,39620,False,,,,,,,,,,0,0,0.18,0
1279 Callcott   Avenue,Valetta,Virginia,33210,False,,,,,,,,,,0,0,0.15,0
84 Jackson Grove,Orlando,Rhode Island,45475,False,,,,,,,,,,0,0,0.15,0
8981 Bel   Tunnel,Tallahassee,Rhode Island,90020,True,,,,,,,,,,0,0,0.06,0
5977 Empress  Walk,Lincoln,Arkansas,26743,False,,,,,,,,,,0,0,0.08,0
9178 York Boulevard,Orlando,Oregon,51939,True,,,,,,,,,,0,0,0.29,0
6736 Udall   Way,Lisbon,Oregon,68770,False," $96,535.60 "," $35,990.85 ",,,,,,,,0,0,0.94,1
6932 Bethwin  Road,Honolulu,Alaska,74240,False," $55,681.79 "," $9,108.68 ",,,,,,,,0,0,0.95,1
6620 Enford   Boulevard,Columbus,Utah,29863,False,,,,,,,,,,0,0,0.08,0
8615 Clerkenwell Drive,Fort Lauderdale,Connecticut,74586,False,,,,,,,,,,0,0,0.22,0
7371 Bury  Crossroad,New York,Oregon,58789,False,,,,,,,,,,0,0,0.21,0
8765 South Lane,Omaha,New York,79560,True,,,,,,,,,,0,0,0.17,0
7622 Coborn  Rue,Garland,Florida,44899,True,,,,,,,,,,0,0,0.14,0
4323 Bliss  Grove,Fremont,Iowa,20364,True,,,,,,,,,,0,0,0.07,0
2516 Monroe Walk,Minneapolis,Connecticut,47742,False,,,,,,,,,,0,0,0.01,0
5936 Bendall   Route,Tallahassee,Florida,15851,True,,,,,,,,,,0,0,0.07,0
5130 Yoakley Rue,Garland,Colorado,45838,True,,,,,,,,,,0,0,0.06,0
915 Calvin   Hill,St. Louis,Massachussets,94042,True,,,,,,,,,,0,0,0.15,0
5996 Cheney  Boulevard,San Francisco,South Dakota,95808,True,,,,,,,,,,0,0,0.06,0
8714 Beaconsfield  Alley,Escondido,Connecticut,88649,True,,,,,,,,,,0,0,0.08,0
7526 Carolina  Vale,Jacksonville,Alabama,19625,True,,,,,,,,,,0,0,0.96,1
922 Calderwood   Avenue,Berna,Arizona,29163,False,,,,,,,,,,0,0,0.24,0
8362 West Walk,Prague,Colorado,45635,False,,," $65,466.67 "," $74,071.05 ",,,,,,0,0,0.11,0
8470 Cleaver Drive,El Paso,Montana,93641,True,,," $6,440.71 "," $42,169.22 ",,,,,,0,0,0.96,1
8567 Jackson Grove,Lancaster,Massachussets,64943,False,,,,,,,,,,0,0,0.19,0
1727 Antrobus   Tunnel,Hayward,Arizona,70750,False,,,,,,,,,,0,0,0.04,0
6810 Angrave    Rue,Santa Ana,Montana,65540,True,,,,,,,,,,0,0,0.05,0
6648 Commercial  Rue,Berlin,Kentucky,84942,False,,,,,,,,,,0,0,0.2,0
7949 Linden Tunnel,Rochester,Illinois,77282,True,,,,,,,,,,0,0,0.06,0
9027 Oxford Walk,Escondido,California,20106,True,,,,,,,,,,0,0,0.06,0
8292 Sherwood  Road,Kansas City,Nebraska,28377,True,,,,,,,,,,0,0,0.1,0
6649 Erindale Rue,Valetta,Wyoming,77158,True,,,,,,,,,,0,0,0.59,0
9789 Boldero   Walk,Phoenix,Indiana,25823,False,,,,,,,,,,0,0,0.03,0
3465 Abbey   Alley,Cincinnati,Washington,23896,True," $85,951.86 "," $95,479.53 ",,,,,,,,0,0,0.18,0
1919 Canon Way,Kansas City,Texas,82682,False," $37,786.08 "," $67,588.11 ",,,,,,,,0,0,0.86,1
1021 Cliffords  Walk,Springfield,Arkansas,11129,False," $34,217.37 "," $76,703.48 ",,,,,,,,0,0,0.07,0
9153 Carpenter Vale,Columbus,Montana,15406,False," $8,495.31 "," $89,913.07 "," $17,489.99 "," $95,855.82 ",,,,,,0,1,0.96,1
7775 Caroline  Alley,Nashville,Hawaii,49017,True," $34,367.79 "," $81,385.00 "," $69,117.01 "," $65,335.74 ",,,,,,0,1,0.99,1
3067 Baylis  Route,Glendale,Idaho,70685,False," $88,539.38 "," $21,519.64 "," $81,297.47 ",,,,,,,0,1,0.95,1
7349 King William  Pass,Oakland,Ohio,72730,False," $40,624.35 "," $18,868.55 "," $53,257.33 ",,,,,,,0,1,0.99,1
9630 Collingwood  Drive,Bakersfield,North Dakota,26246,False," $15,751.35 "," $97,890.96 "," $29,834.44 ",,,,,,,0,1,0.94,1
9997 Buttonwood Tunnel,Arlington,Florida,91921,True," $13,011.78 "," $79,384.21 "," $71,252.75 ",,,,,,,0,1,0.87,1
3703 Abourne   Road,Milwaukee,Utah,36065,True," $88,535.39 "," $43,116.69 "," $61,231.43 ",,,,,,,0,1,0.92,1
4595 Coal Wharf  Vale,Columbus,Arizona,78768,True," $17,252.69 "," $36,637.72 "," $36,374.46 ",,,,,,,0,1,0.91,1
7832 Queen Caroline   Tunnel,Otawa,California,72909,False," $86,596.07 "," $13,131.97 "," $35,953.51 ",,,,,,,0,1,0.91,1
9727 Fairbairn  Alley,Jacksonville,Georgia,43457,False," $35,831.08 "," $10,171.39 "," $97,253.53 ",,,,,,,0,1,0.99,1
8176 Erindale Boulevard,Venice,Michigan,56482,False," $20,063.03 "," $60,270.47 "," $34,021.79 ",,,,,,,0,1,0.96,1
3211 Queen Crossroad,Oakland,Wisconsin,44712,False," $4,243.35 "," $11,809.88 "," $78,781.92 ",,,,,,,0,1,1.0,1
4517 Linden Crossroad,Detroit,California,47810,False," $76,149.71 "," $93,524.06 "," $28,208.82 ",,,,,,,0,1,0.97,1
1644 Queensberry  Pass,Rome,Massachussets,75362,False," $87,010.33 "," $14,292.26 "," $45,831.92 ",,,,,,,0,1,0.96,1
952 Unwin  Rue,Boston,Oklahoma,32551,True," $98,740.97 "," $62,408.04 "," $67,350.49 ",,,,,,,0,1,0.97,1
4011 Dunstans  Rue,Madison,Kentucky,82021,False," $57,454.59 "," $54,360.46 "," $98,017.81 ",,,,,,,0,1,0.94,1
9330 Clerkenwell Rue,Los Angeles,Virginia,96927,False," $73,983.93 "," $4,577.77 "," $1,021.76 ",,,,,,,0,1,0.85,1
8823 Bective  Lane,Chicago,Ohio,92095,False," $12,932.74 ", $130.38 ," $55,195.83 ",,,,,,,0,1,0.89,1
311 Longleigh   Avenue,Valetta,Illinois,14134,True," $98,235.32 "," $63,921.66 "," $84,344.43 ",,,,,,,0,1,0.24,0
9070 Magnolia Pass,Rome,Utah,71440,True," $58,434.52 "," $21,599.36 "," $72,845.42 ",," $43,463.61 "," $91,870.99 "," $98,652.49 "," $16,559.39 "," $75,884.58 ",0,1,1.0,1
8903 Sherlock   Vale,Lyon,Maine,70310,False," $83,685.17 "," $25,935.87 "," $9,705.33 ",," $99,415.06 "," $76,032.01 "," $15,683.99 "," $87,287.97 "," $9,083.66 ",0,1,0.99,1
3958 Fairbairn  Rue,Lincoln,Vermont,76949,True," $55,801.98 "," $63,587.85 "," $4,429.81 ",,,,,,,0,1,0.96,1
9220 Lexington Drive,Tokyo,West Virginia,32634,False," $94,234.23 "," $61,595.18 "," $65,687.87 ",,,,,,,0,1,0.94,1
7628 Chantry   Way,Norfolk,New Mexico,54542,True," $66,730.50 "," $96,436.15 "," $81,463.48 ",,,,,,,0,1,0.63,1
3003 Ensign   Route,Salt Lake City,Tennessee,56673,False," $1,728.16 "," $35,505.91 "," $79,035.29 ",,,,,,,0,1,1.0,1
1876 Berriman  Hill,Pittsburgh,South Dakota,45189,True, $745.98 ," $11,292.15 "," $18,149.92 ",,,,,,,0,1,0.98,1
9162 Victoria  Grove,Memphis,Ohio,42265,True," $38,579.04 "," $81,871.47 "," $90,900.61 ",,,,,,,0,1,0.99,1
8805 Westcott  Vale,Lisbon,Virginia,96178,False," $29,090.67 "," $64,428.77 "," $8,957.62 ",,,,,,,0,1,0.92,1
5688 Fieldstone Route,Irving,North Dakota,54885,False," $34,677.79 "," $17,151.87 "," $45,286.28 ",,,,,,,0,1,1.0,1
3255 Angrave    Crossroad,Memphis,Florida,17056,False," $71,544.22 "," $64,441.13 "," $2,490.69 ",,,,,,,0,1,0.96,1
7604 Andrews  Pass,Boston,Wisconsin,98644,False," $27,835.27 "," $13,654.10 "," $53,694.29 ",,,,,,,0,1,0.99,1
6732 Coalecroft  Road,Oakland,New Mexico,89019,False," $7,819.45 "," $18,584.54 "," $82,992.11 ",,,,,,,0,1,1.0,1
3013 Ampton  Rue,Milwaukee,Oklahoma,84112,True," $8,578.20 "," $28,572.28 "," $40,504.83 ",,,,,,,0,1,0.99,1
6015 Union  Street,Reno,Arizona,59380,False," $65,479.51 "," $13,043.04 "," $40,911.19 ",," $83,463.68 "," $42,076.67 "," $32,014.91 "," $49,960.00 "," $60,798.48 ",0,1,0.98,1
2231 Elgood   Grove,Zurich,New Mexico,24945,False," $25,383.20 "," $79,600.81 "," $26,744.75 ",," $21,426.46 "," $23,526.38 "," $83,992.22 "," $49,099.04 "," $41,748.69 ",0,1,0.98,1
3008 Linden Street,Scottsdale,Alaska,71182,False," $57,497.74 "," $83,267.13 "," $22,044.05 ",,," $50,199.52 ",,," $3,700.27 ",0,1,0.99,1
2012 Rosewood Street,Innsbruck,Oregon,62410,False," $40,765.76 "," $84,148.38 "," $50,229.32 ",,," $95,443.27 ",,," $13,223.68 ",0,1,0.97,1
7651 Chelsea Manor  Crossroad,Bucharest,Iowa,74470,True," $70,872.20 "," $14,526.33 "," $9,573.05 ",,," $35,785.59 ",,," $35,668.73 ",0,1,0.95,1
5473 Lincoln Street,Richmond,Wyoming,97339,False," $29,571.87 "," $37,989.38 "," $91,261.84 ",,," $95,071.43 ",,," $70,673.67 ",0,1,0.94,1
9826 Dutton   Lane,Stockton,Massachussets,52339,False," $42,442.69 "," $39,656.30 "," $29,765.98 ",,," $25,194.53 ",,," $16,942.34 ",0,1,0.97,1
125 King Edward  Route,New York,Minnesota,39408,False," $23,415.79 "," $98,502.52 "," $5,434.10 ",,," $95,277.11 ",,," $56,253.34 ",0,1,0.96,1
5711 Marina  Avenue,Jersey City,North Dakota,15126,False," $68,525.79 "," $51,947.70 "," $62,544.28 ",,," $83,250.75 ",,," $73,884.29 ",0,1,1.0,1
9545 Becklow  Walk,Jacksonville,Kentucky,15914,False," $35,586.43 "," $65,393.07 "," $4,516.18 ",,," $74,104.67 ",,," $24,192.47 ",0,1,0.93,1
4346 Chatfield  Alley,San Francisco,North Carolina,11431,True," $51,316.47 "," $2,110.62 "," $56,719.53 ",,," $97,476.68 ",,," $88,010.27 ",0,1,0.93,1
1501 Dutton   Tunnel,Phoenix,Nevada,88566,False," $80,572.28 "," $70,082.13 "," $86,720.59 ",,," $86,178.76 ",,," $33,449.40 ",0,1,0.95,1
2843 Jackson Tunnel,Salt Lake City,Indiana,59175,True," $4,274.36 "," $58,224.18 "," $43,568.22 ",,," $64,204.62 ",,," $73,359.33 ",0,1,0.96,1
9243 Arctic   Hill,Colorado Springs,Mississippi,51096,False," $87,619.72 "," $12,644.81 "," $5,681.61 ",,," $39,841.35 ",,," $88,245.40 ",0,1,0.87,1
3528 Sheffield Alley,Salem,Illinois,77416,True," $26,395.56 "," $91,366.56 "," $13,395.48 ",,," $55,254.35 ",,," $75,138.65 ",0,1,0.99,1
2265 Jackson Street,Milwaukee,Texas,78646,False," $24,120.02 "," $76,866.97 "," $86,301.60 ",,," $32,937.00 ",,," $64,833.79 ",0,1,0.97,1
6278 Canon Avenue,Murfreesboro,New York,95386,True," $33,511.14 "," $4,619.99 "," $1,019.22 ",,," $9,767.33 ",,," $14,729.58 ",0,1,0.99,1
823 Fairview Boulevard,Tokyo,North Dakota,29204,True," $12,247.02 "," $5,821.58 "," $26,486.95 ",,," $50,349.07 ",,," $95,312.27 ",0,1,0.93,1
5909 King Edward  Road,Quebec,Michigan,79478,True," $93,738.73 "," $26,003.46 "," $10,091.97 ",,," $45,669.75 ",,," $67,780.68 ",0,1,0.91,1
6886 Norland  Hill,Amarillo,Kansas,61588,False," $1,169.99 "," $77,727.24 "," $11,107.73 ",,," $31,883.15 ",,," $30,989.66 ",0,1,0.99,1
9401 Linden Vale,Oklahoma City,Tennessee,55514,False," $8,455.03 "," $51,864.54 "," $46,062.79 ",,," $17,781.12 ",,," $34,737.93 ",0,1,0.94,1
5328 Magnolia Crossroad,San Antonio,Illinois,38194,True," $61,360.13 "," $32,195.06 "," $27,997.06 ",,," $43,224.04 ",,," $64,819.59 ",0,1,0.99,1
9765 Railroad Pass,Kansas City,North Dakota,40140,True," $75,624.98 "," $30,436.35 "," $72,028.25 ",,," $29,804.93 ",,," $93,043.19 ",0,1,0.99,1
5340 Clavell   Route,Tulsa,Georgia,92739,True," $22,483.15 "," $32,619.49 "," $94,312.56 ",,," $41,880.57 ",,," $17,885.36 ",0,1,0.95,1
6963 Lake Grove,Bakersfield,Kentucky,67444,False," $7,280.62 "," $36,863.58 "," $37,801.78 ",,," $97,064.05 ",,," $6,090.06 ",0,1,0.99,1
8856 Victoria  Alley,Bakersfield,Texas,71570,True," $70,833.00 "," $46,538.65 "," $19,295.89 ",,," $17,954.61 ",,," $33,518.18 ",0,1,1.0,1
5499 Arbutus   Rue,Worcester,New Jersey,65789,False," $31,390.00 "," $73,823.07 "," $11,200.60 ",,," $16,323.89 ",,," $78,790.25 ",0,1,0.96,1
5315 Balfe   Rue,Honolulu,Tennessee,33027,False," $84,243.21 "," $14,918.36 "," $20,556.92 ",,," $2,161.74 ",,," $50,954.38 ",0,1,0.94,1
3320 Heritage Walk,Madrid,Texas,64521,True," $51,914.82 "," $7,837.63 "," $55,648.34 ",,," $26,826.68 ",,," $90,356.81 ",0,1,0.75,1
4275 Sheffield Drive,Arlington,Hawaii,52978,True," $17,500.41 "," $60,893.59 "," $2,823.24 ",,," $37,920.75 ",,," $9,034.20 ",0,1,0.98,1
662 Blackall   Crossroad,London,Hawaii,11787,False," $14,026.55 "," $32,725.63 "," $33,227.05 ",,," $81,112.32 ",,," $21,480.83 ",0,1,0.51,0
5157 Clere  Tunnel,Fayetteville,South Carolina,60863,False," $74,969.78 "," $19,184.10 "," $51,995.09 ",,," $98,138.75 ",,," $68,467.28 ",0,1,0.98,1
6215 Boadicea   Way,Innsbruck,Virginia,48149,True," $5,813.97 "," $94,454.31 "," $59,586.99 ",,," $86,983.74 ",,," $84,309.28 ",0,1,0.97,1
5617 Yoakley Crossroad,Salem,Nevada,71750,False," $73,792.77 "," $95,041.95 "," $80,283.29 ",,," $57,282.30 ",,," $27,759.67 ",0,1,0.99,1
9313 Cleaver Vale,Bakersfield,South Carolina,22090,False," $29,180.99 "," $44,186.34 "," $81,637.96 ",,," $27,731.24 ",,," $36,830.25 ",0,1,1.0,1
9398 South Road,Stockton,Idaho,76581,True," $93,777.37 "," $5,002.69 "," $20,413.65 ",,," $78,448.15 ",,," $5,111.22 ",0,1,0.96,1
3262 Ampton  Tunnel,Prague,Massachussets,80718,False," $66,615.29 "," $48,685.65 "," $69,735.68 ",,," $94,174.16 ",,," $25,801.06 ",0,1,0.93,1
4333 Calderwood   Road,Quebec,Oregon,40550,False," $53,990.24 "," $86,965.77 "," $64,133.86 ",,," $90,290.02 ",,," $62,661.75 ",0,1,0.97,1
7507 Zealand Drive,Glendale,Missouri,95605,False," $42,765.20 "," $39,321.96 "," $36,545.92 ",,," $19,058.65 ",,," $93,243.68 ",0,1,0.98,1
